Workbook

Sheet Старт
A2: РЕЖИМ
A3: Не идеально, а регулярно
A5: 1. Замени серые примеры своими привычками. Хватит пяти.
A6: 2. Открой месяц — плиткой ниже или вкладкой внизу.
A7: 3. Вечером ставь галочки. Остальное считается само.
A10: МОИ ПРИВЫЧКИ
A11: Значок | B11: Привычка | E11: Имя | F11: Раз в неделю
A12: 🏋 | B12: Зал · 10 минут разминки | E12: Зал | F12: 3
A13: 💧 | B13: Стакан воды после сна | E13: Вода | F13: 7
A14: 📖 | B14: 20 страниц книги | E14: Книга | F14: 7
A15: 🧘 | B15: Тишина 10 минут | E15: Дзен | F15: 7
A16: 📝 | B16: План на завтра | E16: План | F16: 5
A19: ЧТОБЫ…
A20: =IF($B$12="","",$A$12) | B20: …быть сильным
A21: =IF($B$13="","",$A$13)
A22: =IF($B$14="","",$A$14) | B22: …быть тем, кто читает
A23: =IF($B$15="","",$A$15) | B23: …спокойствие и фокус
A24: =IF($B$16="","",$A$16)
A25: =IF($B$17="","",$A$17)
A26: =IF($B$18="","",$A$18)
A28: Галочки уже включены. Если вместо них пустые квадраты: выдели их → Вставка → Флажок.
A29: · Значок и имя — для шапки месяца, их видно на телефоне.
A30: · «Раз в неделю» 7 — привычка на каждый день, у неё считается серия.
A31: · Привычка помещается в 10 минут в плохой день. Иначе это цель месяца.
A32: · Поле «Чтобы…» необязательное: планер вернёт эту фразу в трудный день.
A34: МЕСЯЦЫ
A35: Янв | B35: Фев | C35: Мар | D35: Апр | E35: Май | F35: Июн
A36: Июл | B36: Авг | C36: Сен | D36: Окт | E36: Ноя | F36: Дек
A38: =IF(Расчёт!$B$3=0,"Впиши хотя бы одну привычку","Всё работает ✓ · v2.0 · "&Расчёт!$B$3&" привычек")
A39: Если цвета странные: ⋮ → Тёмная тема → выкл
A40: Считать сегодняшним днём (обычно пусто) | D40: =IF($C$9="","—",$C$9)

Sheet Янв
A1: ="ЯНВ 2026" | F1: =IF(Расчёт!$C$379=0,"Не идеально, а регулярно",ROUND(Расчёт!$F$379*100,0)&" % · "&Расчёт!$B$6&" "&Расчёт!$B$5)
A2: =IF(OR(Расчёт!$B$2=0,Расчёт!$B$4=0),"Не идеально, а регулярно",IF(INDEX(Расчёт!$AA:$AA,Расчёт!$B$2)>0,"Награда «Возвращение» · +15 опыта",IF(MAX(IF(AND('Старт'!$B$12<>"",IF('Старт'!$F$12="",7,'Старт'!$F$12)=7,INDEX(Расчёт!$I:$I,Расчёт!$B$2)=0,INDEX(Расчёт!$P:$P,Расчёт!$B$2)>1,N($J$39)>=3),1,0),IF(AND('Старт'!$B$13<>"",IF('Старт'!$F$13="",7,'Старт'!$F$13)=7,INDEX(Расчёт!$J:$J,Расчёт!$B$2)=0,INDEX(Расчёт!$Q:$Q,Расчёт!$B$2)>1,N($J$40)>=3),2,0),IF(AND('Старт'!$B$14<>"",IF('Старт'!$F$14="",7,'Старт'!$F$14)=7,INDEX(Расчёт!$K:$K,Расчёт!$B$2)=0,INDEX(Расчёт!$R:$R,Расчёт!$B$2)>1,N($J$41)>=3),3,0),IF(AND('Старт'!$B$15<>"",IF('Старт'!$F$15="",7,'Старт'!$F$15)=7,INDEX(Расчёт!$L:$L,Расчёт!$B$2)=0,INDEX(Расчёт!$S:$S,Расчёт!$B$2)>1,N($J$42)>=3),4,0),IF(AND('Старт'!$B$16<>"",IF('Старт'!$F$16="",7,'Старт'!$F$16)=7,INDEX(Расчёт!$M:$M,Расчёт!$B$2)=0,INDEX(Расчёт!$T:$T,Расчёт!$B$2)>1,N($J$43)>=3),5,0),IF(AND('Старт'!$B$17<>"",IF('Старт'!$F$17="",7,'Старт'!$F$17)=7,INDEX(Расчёт!$N:$N,Расчёт!$B$2)=0,INDEX(Расчёт!$U:$U,Расчёт!$B$2)>1,N($J$44)>=3),6,0),IF(AND('Старт'!$B$18<>"",IF('Старт'!$F$18="",7,'Старт'!$F$18)=7,INDEX(Расчёт!$O:$O,Расчёт!$B$2)=0,INDEX(Расчёт!$V:$V,Расчёт!$B$2)>1,N($J$45)>=3),7,0))>0,"Верни «"&INDEX('Старт'!$E$12:$E$18,MAX(1,MAX(IF(AND('Старт'!$B$12<>"",IF('Старт'!$F$12="",7,'Старт'!$F$12)=7,INDEX(Расчёт!$I:$I,Расчёт!$B$2)=0,INDEX(Расчёт!$P:$P,Расчёт!$B$2)>1,N($J$39)>=3),1,0),IF(AND('Старт'!$B$13<>"",IF('Старт'!$F$13="",7,'Старт'!$F$13)=7,INDEX(Расчёт!$J:$J,Расчёт!$B$2)=0,INDEX(Расчёт!$Q:$Q,Расчёт!$B$2)>1,N($J$40)>=3),2,0),IF(AND('Старт'!$B$14<>"",IF('Старт'!$F$14="",7,'Старт'!$F$14)=7,INDEX(Расчёт!$K:$K,Расчёт!$B$2)=0,INDEX(Расчёт!$R:$R,Расчёт!$B$2)>1,N($J$41)>=3),3,0),IF(AND('Старт'!$B$15<>"",IF('Старт'!$F$15="",7,'Старт'!$F$15)=7,INDEX(Расчёт!$L:$L,Расчёт!$B$2)=0,INDEX(Расчёт!$S:$S,Расчёт!$B$2)>1,N($J$42)>=3),4,0),IF(AND('Старт'!$B$16<>"",IF('Старт'!$F$16="",7,'Старт'!$F$16)=7,INDEX(Расчёт!$M:$M,Расчёт!$B$2)=0,INDEX(Расчёт!$T:$T,Расчёт!$B$2)>1,N($J$43)>=3),5,0),IF(AND('Старт'!$B$17<>"",IF('Старт'!$F$17="",7,'Старт'!$F$17)=7,INDEX(Расчёт!$N:$N,Расчёт!$B$2)=0,INDEX(Расчёт!$U:$U,Расчёт!$B$2)>1,N($J$44)>=3),6,0),IF(AND('Старт'!$B$18<>"",IF('Старт'!$F$18="",7,'Старт'!$F$18)=7,INDEX(Расчёт!$O:$O,Расчёт!$B$2)=0,INDEX(Расчёт!$V:$V,Расчёт!$B$2)>1,N($J$45)>=3),7,0))))&"» сегодня"&IF(INDEX('Старт'!$B$20:$B$26,MAX(1,MAX(IF(AND('Старт'!$B$12<>"",IF('Старт'!$F$12="",7,'Старт'!$F$12)=7,INDEX(Расчёт!$I:$I,Расчёт!$B$2)=0,INDEX(Расчёт!$P:$P,Расчёт!$B$2)>1,N($J$39)>=3),1,0),IF(AND('Старт'!$B$13<>"",IF('Старт'!$F$13="",7,'Старт'!$F$13)=7,INDEX(Расчёт!$J:$J,Расчёт!$B$2)=0,INDEX(Расчёт!$Q:$Q,Расчёт!$B$2)>1,N($J$40)>=3),2,0),IF(AND('Старт'!$B$14<>"",IF('Старт'!$F$14="",7,'Старт'!$F$14)=7,INDEX(Расчёт!$K:$K,Расчёт!$B$2)=0,INDEX(Расчёт!$R:$R,Расчёт!$B$2)>1,N($J$41)>=3),3,0),IF(AND('Старт'!$B$15<>"",IF('Старт'!$F$15="",7,'Старт'!$F$15)=7,INDEX(Расчёт!$L:$L,Расчёт!$B$2)=0,INDEX(Расчёт!$S:$S,Расчёт!$B$2)>1,N($J$42)>=3),4,0),IF(AND('Старт'!$B$16<>"",IF('Старт'!$F$16="",7,'Старт'!$F$16)=7,INDEX(Расчёт!$M:$M,Расчёт!$B$2)=0,INDEX(Расчёт!$T:$T,Расчёт!$B$2)>1,N($J$43)>=3),5,0),IF(AND('Старт'!$B$17<>"",IF('Старт'!$F$17="",7,'Старт'!$F$17)=7,INDEX(Расчёт!$N:$N,Расчёт!$B$2)=0,INDEX(Расчёт!$U:$U,Расчёт!$B$2)>1,N($J$44)>=3),6,0),IF(AND('Старт'!$B$18<>"",IF('Старт'!$F$18="",7,'Старт'!$F$18)=7,INDEX(Расчёт!$O:$O,Расчёт!$B$2)=0,INDEX(Расчёт!$V:$V,Расчёт!$B$2)>1,N($J$45)>=3),7,0))))="",""," — "&INDEX('Старт'!$B$20:$B$26,MAX(1,MAX(IF(AND('Старт'!$B$12<>"",IF('Старт'!$F$12="",7,'Старт'!$F$12)=7,INDEX(Расчёт!$I:$I,Расчёт!$B$2)=0,INDEX(Расчёт!$P:$P,Расчёт!$B$2)>1,N($J$39)>=3),1,0),IF(AND('Старт'!$B$13<>"",IF('Старт'!$F$13="",7,'Старт'!$F$13)=7,INDEX(Расчёт!$J:$J,Расчёт!$B$2)=0,INDEX(Расчёт!$Q:$Q,Расчёт!$B$2)>1,N($J$40)>=3),2,0),IF(AND('Старт'!$B$14<>"",IF('Старт'!$F$14="",7,'Старт'!$F$14)=7,INDEX(Расчёт!$K:$K,Расчёт!$B$2)=0,INDEX(Расчёт!$R:$R,Расчёт!$B$2)>1,N($J$41)>=3),3,0),IF(AND('Старт'!$B$15<>"",IF('Старт'!$F$15="",7,'Старт'!$F$15)=7,INDEX(Расчёт!$L:$L,Расчёт!$B$2)=0,INDEX(Расчёт!$S:$S,Расчёт!$B$2)>1,N($J$42)>=3),4,0),IF(AND('Старт'!$B$16<>"",IF('Старт'!$F$16="",7,'Старт'!$F$16)=7,INDEX(Расчёт!$M:$M,Расчёт!$B$2)=0,INDEX(Расчёт!$T:$T,Расчёт!$B$2)>1,N($J$43)>=3),5,0),IF(AND('Старт'!$B$17<>"",IF('Старт'!$F$17="",7,'Старт'!$F$17)=7,INDEX(Расчёт!$N:$N,Расчёт!$B$2)=0,INDEX(Расчёт!$U:$U,Расчёт!$B$2)>1,N($J$44)>=3),6,0),IF(AND('Старт'!$B$18<>"",IF('Старт'!$F$18="",7,'Старт'!$F$18)=7,INDEX(Расчёт!$O:$O,Расчёт!$B$2)=0,INDEX(Расчёт!$V:$V,Расчёт!$B$2)>1,N($J$45)>=3),7,0))))),IF(Расчёт!$F$397=1,"Испытание закрыто · +100 опыта","Уровень "&Расчёт!$B$5&" · "&Расчёт!$B$6))))
B3: =IF('Старт'!$B$12="","",'Старт'!$A$12) | C3: =IF('Старт'!$B$13="","",'Старт'!$A$13) | D3: =IF('Старт'!$B$14="","",'Старт'!$A$14) | E3: =IF('Старт'!$B$15="","",'Старт'!$A$15) | F3: =IF('Старт'!$B$16="","",'Старт'!$A$16) | G3: =IF('Старт'!$B$17="","",'Старт'!$A$17) | H3: =IF('Старт'!$B$18="","",'Старт'!$A$18)
B4: =IF('Старт'!$B$12="","",'Старт'!$E$12) | C4: =IF('Старт'!$B$13="","",'Старт'!$E$13) | D4: =IF('Старт'!$B$14="","",'Старт'!$E$14) | E4: =IF('Старт'!$B$15="","",'Старт'!$E$15) | F4: =IF('Старт'!$B$16="","",'Старт'!$E$16) | G4: =IF('Старт'!$B$17="","",'Старт'!$E$17) | H4: =IF('Старт'!$B$18="","",'Старт'!$E$18)
B5: =IF('Старт'!$B$12="","",IF(Расчёт!$B$2=0,"",IF(IF('Старт'!$F$12="",7,'Старт'!$F$12)<7,"ок",IF(INDEX(Расчёт!$I:$I,Расчёт!$B$2)=0,IF(AND(INDEX(Расчёт!$P:$P,Расчёт!$B$2)>1,$J$39>=3),"верни",""),IF(INDEX(Расчёт!$I:$I,Расчёт!$B$2)>=3,"🔥","")&INDEX(Расчёт!$I:$I,Расчёт!$B$2)&IF(INDEX(Расчёт!$P:$P,Расчёт!$B$2)<=1,"🛡",""))))) | C5: =IF('Старт'!$B$13="","",IF(Расчёт!$B$2=0,"",IF(IF('Старт'!$F$13="",7,'Старт'!$F$13)<7,"ок",IF(INDEX(Расчёт!$J:$J,Расчёт!$B$2)=0,IF(AND(INDEX(Расчёт!$Q:$Q,Расчёт!$B$2)>1,$J$40>=3),"верни",""),IF(INDEX(Расчёт!$J:$J,Расчёт!$B$2)>=3,"🔥","")&INDEX(Расчёт!$J:$J,Расчёт!$B$2)&IF(INDEX(Расчёт!$Q:$Q,Расчёт!$B$2)<=1,"🛡",""))))) | D5: =IF('Старт'!$B$14="","",IF(Расчёт!$B$2=0,"",IF(IF('Старт'!$F$14="",7,'Старт'!$F$14)<7,"ок",IF(INDEX(Расчёт!$K:$K,Расчёт!$B$2)=0,IF(AND(INDEX(Расчёт!$R:$R,Расчёт!$B$2)>1,$J$41>=3),"верни",""),IF(INDEX(Расчёт!$K:$K,Расчёт!$B$2)>=3,"🔥","")&INDEX(Расчёт!$K:$K,Расчёт!$B$2)&IF(INDEX(Расчёт!$R:$R,Расчёт!$B$2)<=1,"🛡",""))))) | E5: =IF('Старт'!$B$15="","",IF(Расчёт!$B$2=0,"",IF(IF('Старт'!$F$15="",7,'Старт'!$F$15)<7,"ок",IF(INDEX(Расчёт!$L:$L,Расчёт!$B$2)=0,IF(AND(INDEX(Расчёт!$S:$S,Расчёт!$B$2)>1,$J$42>=3),"верни",""),IF(INDEX(Расчёт!$L:$L,Расчёт!$B$2)>=3,"🔥","")&INDEX(Расчёт!$L:$L,Расчёт!$B$2)&IF(INDEX(Расчёт!$S:$S,Расчёт!$B$2)<=1,"🛡",""))))) | F5: =IF('Старт'!$B$16="","",IF(Расчёт!$B$2=0,"",IF(IF('Старт'!$F$16="",7,'Старт'!$F$16)<7,"ок",IF(INDEX(Расчёт!$M:$M,Расчёт!$B$2)=0,IF(AND(INDEX(Расчёт!$T:$T,Расчёт!$B$2)>1,$J$43>=3),"верни",""),IF(INDEX(Расчёт!$M:$M,Расчёт!$B$2)>=3,"🔥","")&INDEX(Расчёт!$M:$M,Расчёт!$B$2)&IF(INDEX(Расчёт!$T:$T,Расчёт!$B$2)<=1,"🛡",""))))) | G5: =IF('Старт'!$B$17="","",IF(Расчёт!$B$2=0,"",IF(IF('Старт'!$F$17="",7,'Старт'!$F$17)<7,"ок",IF(INDEX(Расчёт!$N:$N,Расчёт!$B$2)=0,IF(AND(INDEX(Расчёт!$U:$U,Расчёт!$B$2)>1,$J$44>=3),"верни",""),IF(INDEX(Расчёт!$N:$N,Расчёт!$B$2)>=3,"🔥","")&INDEX(Расчёт!$N:$N,Расчёт!$B$2)&IF(INDEX(Расчёт!$U:$U,Расчёт!$B$2)<=1,"🛡",""))))) | H5: =IF('Старт'!$B$18="","",IF(Расчёт!$B$2=0,"",IF(IF('Старт'!$F$18="",7,'Старт'!$F$18)<7,"ок",IF(INDEX(Расчёт!$O:$O,Расчёт!$B$2)=0,IF(AND(INDEX(Расчёт!$V:$V,Расчёт!$B$2)>1,$J$45>=3),"верни",""),IF(INDEX(Расчёт!$O:$O,Расчёт!$B$2)>=3,"🔥","")&INDEX(Расчёт!$O:$O,Расчёт!$B$2)&IF(INDEX(Расчёт!$V:$V,Расчёт!$B$2)<=1,"🛡",""))))) | I5: =Расчёт!$B$3 | J5: =IF(AND(YEAR(Расчёт!$B$1)=2026,MONTH(Расчёт!$B$1)=1),5+DAY(Расчёт!$B$1),0) | K5: =IF(WEEKDAY(Расчёт!$B$1,2)>=6,1,0) | L5: =Расчёт!$B$2
A6: =IF(Расчёт!$A$11=0,"Чт 1","Чт 1"&CHAR(10)&Расчёт!$W$11&"/"&$I$5) | B6: FALSE | C6: FALSE | D6: FALSE | E6: FALSE | F6: FALSE | G6: FALSE | H6: FALSE
A7: =IF(Расчёт!$A$12=0,"Пт 2","Пт 2"&CHAR(10)&Расчёт!$W$12&"/"&$I$5) | B7: FALSE | C7: FALSE | D7: FALSE | E7: FALSE | F7: FALSE | G7: FALSE | H7: FALSE
A8: =IF(Расчёт!$A$13=0,"Сб 3","Сб 3"&CHAR(10)&Расчёт!$W$13&"/"&$I$5) | B8: FALSE | C8: FALSE | D8: FALSE | E8: FALSE | F8: FALSE | G8: FALSE | H8: FALSE
A9: =IF(Расчёт!$A$14=0,"Вс 4","Вс 4"&CHAR(10)&Расчёт!$W$14&"/"&$I$5) | B9: FALSE | C9: FALSE | D9: FALSE | E9: FALSE | F9: FALSE | G9: FALSE | H9: FALSE
A10: =IF(Расчёт!$A$15=0,"Пн 5","Пн 5"&CHAR(10)&Расчёт!$W$15&"/"&$I$5) | B10: FALSE | C10: FALSE | D10: FALSE | E10: FALSE | F10: FALSE | G10: FALSE | H10: FALSE
A11: =IF(Расчёт!$A$16=0,"Вт 6","Вт 6"&CHAR(10)&Расчёт!$W$16&"/"&$I$5) | B11: FALSE | C11: FALSE | D11: FALSE | E11: FALSE | F11: FALSE | G11: FALSE | H11: FALSE
A12: =IF(Расчёт!$A$17=0,"Ср 7","Ср 7"&CHAR(10)&Расчёт!$W$17&"/"&$I$5) | B12: FALSE | C12: FALSE | D12: FALSE | E12: FALSE | F12: FALSE | G12: FALSE | H12: FALSE
A13: =IF(Расчёт!$A$18=0,"Чт 8","Чт 8"&CHAR(10)&Расчёт!$W$18&"/"&$I$5) | B13: FALSE | C13: FALSE | D13: FALSE | E13: FALSE | F13: FALSE | G13: FALSE | H13: FALSE
A14: =IF(Расчёт!$A$19=0,"Пт 9","Пт 9"&CHAR(10)&Расчёт!$W$19&"/"&$I$5) | B14: FALSE | C14: FALSE | D14: FALSE | E14: FALSE | F14: FALSE | G14: FALSE | H14: FALSE
A15: =IF(Расчёт!$A$20=0,"Сб 10","Сб 10"&CHAR(10)&Расчёт!$W$20&"/"&$I$5) | B15: FALSE | C15: FALSE | D15: FALSE | E15: FALSE | F15: FALSE | G15: FALSE | H15: FALSE
A16: =IF(Расчёт!$A$21=0,"Вс 11","Вс 11"&CHAR(10)&Расчёт!$W$21&"/"&$I$5) | B16: FALSE | C16: FALSE | D16: FALSE | E16: FALSE | F16: FALSE | G16: FALSE | H16: FALSE
A17: =IF(Расчёт!$A$22=0,"Пн 12","Пн 12"&CHAR(10)&Расчёт!$W$22&"/"&$I$5) | B17: FALSE | C17: FALSE | D17: FALSE | E17: FALSE | F17: FALSE | G17: FALSE | H17: FALSE
A18: =IF(Расчёт!$A$23=0,"Вт 13","Вт 13"&CHAR(10)&Расчёт!$W$23&"/"&$I$5) | B18: FALSE | C18: FALSE | D18: FALSE | E18: FALSE | F18: FALSE | G18: FALSE | H18: FALSE
A19: =IF(Расчёт!$A$24=0,"Ср 14","Ср 14"&CHAR(10)&Расчёт!$W$24&"/"&$I$5) | B19: FALSE | C19: FALSE | D19: FALSE | E19: FALSE | F19: FALSE | G19: FALSE | H19: FALSE
A20: =IF(Расчёт!$A$25=0,"Чт 15","Чт 15"&CHAR(10)&Расчёт!$W$25&"/"&$I$5) | B20: FALSE | C20: FALSE | D20: FALSE | E20: FALSE | F20: FALSE | G20: FALSE | H20: FALSE
A21: =IF(Расчёт!$A$26=0,"Пт 16","Пт 16"&CHAR(10)&Расчёт!$W$26&"/"&$I$5) | B21: FALSE | C21: FALSE | D21: FALSE | E21: FALSE | F21: FALSE | G21: FALSE | H21: FALSE
A22: =IF(Расчёт!$A$27=0,"Сб 17","Сб 17"&CHAR(10)&Расчёт!$W$27&"/"&$I$5) | B22: FALSE | C22: FALSE | D22: FALSE | E22: FALSE | F22: FALSE | G22: FALSE | H22: FALSE
A23: =IF(Расчёт!$A$28=0,"Вс 18","Вс 18"&CHAR(10)&Расчёт!$W$28&"/"&$I$5) | B23: FALSE | C23: FALSE | D23: FALSE | E23: FALSE | F23: FALSE | G23: FALSE | H23: FALSE
A24: =IF(Расчёт!$A$29=0,"Пн 19","Пн 19"&CHAR(10)&Расчёт!$W$29&"/"&$I$5) | B24: FALSE | C24: FALSE | D24: FALSE | E24: FALSE | F24: FALSE | G24: FALSE | H24: FALSE
A25: =IF(Расчёт!$A$30=0,"Вт 20","Вт 20"&CHAR(10)&Расчёт!$W$30&"/"&$I$5) | B25: FALSE | C25: FALSE | D25: FALSE | E25: FALSE | F25: FALSE | G25: FALSE | H25: FALSE
A26: =IF(Расчёт!$A$31=0,"Ср 21","Ср 21"&CHAR(10)&Расчёт!$W$31&"/"&$I$5) | B26: FALSE | C26: FALSE | D26: FALSE | E26: FALSE | F26: FALSE | G26: FALSE | H26: FALSE
A27: =IF(Расчёт!$A$32=0,"Чт 22","Чт 22"&CHAR(10)&Расчёт!$W$32&"/"&$I$5) | B27: FALSE | C27: FALSE | D27: FALSE | E27: FALSE | F27: FALSE | G27: FALSE | H27: FALSE
A28: =IF(Расчёт!$A$33=0,"Пт 23","Пт 23"&CHAR(10)&Расчёт!$W$33&"/"&$I$5) | B28: FALSE | C28: FALSE | D28: FALSE | E28: FALSE | F28: FALSE | G28: FALSE | H28: FALSE
A29: =IF(Расчёт!$A$34=0,"Сб 24","Сб 24"&CHAR(10)&Расчёт!$W$34&"/"&$I$5) | B29: FALSE | C29: FALSE | D29: FALSE | E29: FALSE | F29: FALSE | G29: FALSE | H29: FALSE
A30: =IF(Расчёт!$A$35=0,"Вс 25","Вс 25"&CHAR(10)&Расчёт!$W$35&"/"&$I$5) | B30: FALSE | C30: FALSE | D30: FALSE | E30: FALSE | F30: FALSE | G30: FALSE | H30: FALSE
A31: =IF(Расчёт!$A$36=0,"Пн 26","Пн 26"&CHAR(10)&Расчёт!$W$36&"/"&$I$5) | B31: FALSE | C31: FALSE | D31: FALSE | E31: FALSE | F31: FALSE | G31: FALSE | H31: FALSE
A32: =IF(Расчёт!$A$37=0,"Вт 27","Вт 27"&CHAR(10)&Расчёт!$W$37&"/"&$I$5) | B32: FALSE | C32: FALSE | D32: FALSE | E32: FALSE | F32: FALSE | G32: FALSE | H32: FALSE
A33: =IF(Расчёт!$A$38=0,"Ср 28","Ср 28"&CHAR(10)&Расчёт!$W$38&"/"&$I$5) | B33: FALSE | C33: FALSE | D33: FALSE | E33: FALSE | F33: FALSE | G33: FALSE | H33: FALSE
A34: =IF(Расчёт!$A$39=0,"Чт 29","Чт 29"&CHAR(10)&Расчёт!$W$39&"/"&$I$5) | B34: FALSE | C34: FALSE | D34: FALSE | E34: FALSE | F34: FALSE | G34: FALSE | H34: FALSE
A35: =IF(Расчёт!$A$40=0,"Пт 30","Пт 30"&CHAR(10)&Расчёт!$W$40&"/"&$I$5) | B35: FALSE | C35: FALSE | D35: FALSE | E35: FALSE | F35: FALSE | G35: FALSE | H35: FALSE
A36: =IF(Расчёт!$A$41=0,"Сб 31","Сб 31"&CHAR(10)&Расчёт!$W$41&"/"&$I$5) | B36: FALSE | C36: FALSE | D36: FALSE | E36: FALSE | F36: FALSE | G36: FALSE | H36: FALSE
A38: МОИ ПРИВЫЧКИ
A39: =IF('Старт'!$B$12="","",'Старт'!$A$12&" "&'Старт'!$B$12) | G39: =IF('Старт'!$B$12="","",SUM(Расчёт!$B$11:$B$41)&" из "&ROUND(IF('Старт'!$F$12="",7,'Старт'!$F$12)*31/7,0)) | I39: =IF('Старт'!$B$12="","",IF(Расчёт!$B$2=0,"",IF(IF('Старт'!$F$12="",7,'Старт'!$F$12)<7,"ок",IF(INDEX(Расчёт!$I:$I,Расчёт!$B$2)=0,IF(AND(INDEX(Расчёт!$P:$P,Расчёт!$B$2)>1,$J$39>=3),"верни",""),IF(INDEX(Расчёт!$I:$I,Расчёт!$B$2)>=3,"🔥","")&INDEX(Расчёт!$I:$I,Расчёт!$B$2)&IF(INDEX(Расчёт!$P:$P,Расчёт!$B$2)<=1,"🛡",""))))) | J39: =IF('Старт'!$B$12="","",MAX(Расчёт!$I$11:$I$41)) | K39: =IF(OR('Старт'!$B$12="",Расчёт!$C$379=0),"",MIN(1,SUM(Расчёт!$B$11:$B$41)/MAX(1,ROUND(IF('Старт'!$F$12="",7,'Старт'!$F$12)*31/7,0)*Расчёт!$C$379/31))) | L39: =IF($K$39="","",SPARKLINE($K$39,{"charttype","bar";"max",1;"color1","#22A35E";"color2","#262B38"}))
A40: =IF('Старт'!$B$13="","",'Старт'!$A$13&" "&'Старт'!$B$13) | G40: =IF('Старт'!$B$13="","",SUM(Расчёт!$C$11:$C$41)&" из "&ROUND(IF('Старт'!$F$13="",7,'Старт'!$F$13)*31/7,0)) | I40: =IF('Старт'!$B$13="","",IF(Расчёт!$B$2=0,"",IF(IF('Старт'!$F$13="",7,'Старт'!$F$13)<7,"ок",IF(INDEX(Расчёт!$J:$J,Расчёт!$B$2)=0,IF(AND(INDEX(Расчёт!$Q:$Q,Расчёт!$B$2)>1,$J$40>=3),"верни",""),IF(INDEX(Расчёт!$J:$J,Расчёт!$B$2)>=3,"🔥","")&INDEX(Расчёт!$J:$J,Расчёт!$B$2)&IF(INDEX(Расчёт!$Q:$Q,Расчёт!$B$2)<=1,"🛡",""))))) | J40: =IF('Старт'!$B$13="","",MAX(Расчёт!$J$11:$J$41)) | K40: =IF(OR('Старт'!$B$13="",Расчёт!$C$379=0),"",MIN(1,SUM(Расчёт!$C$11:$C$41)/MAX(1,ROUND(IF('Старт'!$F$13="",7,'Старт'!$F$13)*31/7,0)*Расчёт!$C$379/31))) | L40: =IF($K$40="","",SPARKLINE($K$40,{"charttype","bar";"max",1;"color1","#22A35E";"color2","#262B38"}))
A41: =IF('Старт'!$B$14="","",'Старт'!$A$14&" "&'Старт'!$B$14) | G41: =IF('Старт'!$B$14="","",SUM(Расчёт!$D$11:$D$41)&" из "&ROUND(IF('Старт'!$F$14="",7,'Старт'!$F$14)*31/7,0)) | I41: =IF('Старт'!$B$14="","",IF(Расчёт!$B$2=0,"",IF(IF('Старт'!$F$14="",7,'Старт'!$F$14)<7,"ок",IF(INDEX(Расчёт!$K:$K,Расчёт!$B$2)=0,IF(AND(INDEX(Расчёт!$R:$R,Расчёт!$B$2)>1,$J$41>=3),"верни",""),IF(INDEX(Расчёт!$K:$K,Расчёт!$B$2)>=3,"🔥","")&INDEX(Расчёт!$K:$K,Расчёт!$B$2)&IF(INDEX(Расчёт!$R:$R,Расчёт!$B$2)<=1,"🛡",""))))) | J41: =IF('Старт'!$B$14="","",MAX(Расчёт!$K$11:$K$41)) | K41: =IF(OR('Старт'!$B$14="",Расчёт!$C$379=0),"",MIN(1,SUM(Расчёт!$D$11:$D$41)/MAX(1,ROUND(IF('Старт'!$F$14="",7,'Старт'!$F$14)*31/7,0)*Расчёт!$C$379/31))) | L41: =IF($K$41="","",SPARKLINE($K$41,{"charttype","bar";"max",1;"color1","#22A35E";"color2","#262B38"}))
A42: =IF('Старт'!$B$15="","",'Старт'!$A$15&" "&'Старт'!$B$15) | G42: =IF('Старт'!$B$15="","",SUM(Расчёт!$E$11:$E$41)&" из "&ROUND(IF('Старт'!$F$15="",7,'Старт'!$F$15)*31/7,0)) | I42: =IF('Старт'!$B$15="","",IF(Расчёт!$B$2=0,"",IF(IF('Старт'!$F$15="",7,'Старт'!$F$15)<7,"ок",IF(INDEX(Расчёт!$L:$L,Расчёт!$B$2)=0,IF(AND(INDEX(Расчёт!$S:$S,Расчёт!$B$2)>1,$J$42>=3),"верни",""),IF(INDEX(Расчёт!$L:$L,Расчёт!$B$2)>=3,"🔥","")&INDEX(Расчёт!$L:$L,Расчёт!$B$2)&IF(INDEX(Расчёт!$S:$S,Расчёт!$B$2)<=1,"🛡",""))))) | J42: =IF('Старт'!$B$15="","",MAX(Расчёт!$L$11:$L$41)) | K42: =IF(OR('Старт'!$B$15="",Расчёт!$C$379=0),"",MIN(1,SUM(Расчёт!$E$11:$E$41)/MAX(1,ROUND(IF('Старт'!$F$15="",7,'Старт'!$F$15)*31/7,0)*Расчёт!$C$379/31))) | L42: =IF($K$42="","",SPARKLINE($K$42,{"charttype","bar";"max",1;"color1","#22A35E";"color2","#262B38"}))
A43: =IF('Старт'!$B$16="","",'Старт'!$A$16&" "&'Старт'!$B$16) | G43: =IF('Старт'!$B$16="","",SUM(Расчёт!$F$11:$F$41)&" из "&ROUND(IF('Старт'!$F$16="",7,'Старт'!$F$16)*31/7,0)) | I43: =IF('Старт'!$B$16="","",IF(Расчёт!$B$2=0,"",IF(IF('Старт'!$F$16="",7,'Старт'!$F$16)<7,"ок",IF(INDEX(Расчёт!$M:$M,Расчёт!$B$2)=0,IF(AND(INDEX(Расчёт!$T:$T,Расчёт!$B$2)>1,$J$43>=3),"верни",""),IF(INDEX(Расчёт!$M:$M,Расчёт!$B$2)>=3,"🔥","")&INDEX(Расчёт!$M:$M,Расчёт!$B$2)&IF(INDEX(Расчёт!$T:$T,Расчёт!$B$2)<=1,"🛡",""))))) | J43: =IF('Старт'!$B$16="","",MAX(Расчёт!$M$11:$M$41)) | K43: =IF(OR('Старт'!$B$16="",Расчёт!$C$379=0),"",MIN(1,SUM(Расчёт!$F$11:$F$41)/MAX(1,ROUND(IF('Старт'!$F$16="",7,'Старт'!$F$16)*31/7,0)*Расчёт!$C$379/31))) | L43: =IF($K$43="","",SPARKLINE($K$43,{"charttype","bar";"max",1;"color1","#22A35E";"color2","#262B38"}))
A44: =IF('Старт'!$B$17="","",'Старт'!$A$17&" "&'Старт'!$B$17) | G44: =IF('Старт'!$B$17="","",SUM(Расчёт!$G$11:$G$41)&" из "&ROUND(IF('Старт'!$F$17="",7,'Старт'!$F$17)*31/7,0)) | I44: =IF('Старт'!$B$17="","",IF(Расчёт!$B$2=0,"",IF(IF('Старт'!$F$17="",7,'Старт'!$F$17)<7,"ок",IF(INDEX(Расчёт!$N:$N,Расчёт!$B$2)=0,IF(AND(INDEX(Расчёт!$U:$U,Расчёт!$B$2)>1,$J$44>=3),"верни",""),IF(INDEX(Расчёт!$N:$N,Расчёт!$B$2)>=3,"🔥","")&INDEX(Расчёт!$N:$N,Расчёт!$B$2)&IF(INDEX(Расчёт!$U:$U,Расчёт!$B$2)<=1,"🛡",""))))) | J44: =IF('Старт'!$B$17="","",MAX(Расчёт!$N$11:$N$41)) | K44: =IF(OR('Старт'!$B$17="",Расчёт!$C$379=0),"",MIN(1,SUM(Расчёт!$G$11:$G$41)/MAX(1,ROUND(IF('Старт'!$F$17="",7,'Старт'!$F$17)*31/7,0)*Расчёт!$C$379/31))) | L44: =IF($K$44="","",SPARKLINE($K$44,{"charttype","bar";"max",1;"color1","#22A35E";"color2","#262B38"}))
A45: =IF('Старт'!$B$18="","",'Старт'!$A$18&" "&'Старт'!$B$18) | G45: =IF('Старт'!$B$18="","",SUM(Расчёт!$H$11:$H$41)&" из "&ROUND(IF('Старт'!$F$18="",7,'Старт'!$F$18)*31/7,0)) | I45: =IF('Старт'!$B$18="","",IF(Расчёт!$B$2=0,"",IF(IF('Старт'!$F$18="",7,'Старт'!$F$18)<7,"ок",IF(INDEX(Расчёт!$O:$O,Расчёт!$B$2)=0,IF(AND(INDEX(Расчёт!$V:$V,Расчёт!$B$2)>1,$J$45>=3),"верни",""),IF(INDEX(Расчёт!$O:$O,Расчёт!$B$2)>=3,"🔥","")&INDEX(Расчёт!$O:$O,Расчёт!$B$2)&IF(INDEX(Расчёт!$V:$V,Расчёт!$B$2)<=1,"🛡",""))))) | J45: =IF('Старт'!$B$18="","",MAX(Расчёт!$O$11:$O$41)) | K45: =IF(OR('Старт'!$B$18="",Расчёт!$C$379=0),"",MIN(1,SUM(Расчёт!$H$11:$H$41)/MAX(1,ROUND(IF('Старт'!$F$18="",7,'Старт'!$F$18)*31/7,0)*Расчёт!$C$379/31))) | L45: =IF($K$45="","",SPARKLINE($K$45,{"charttype","bar";"max",1;"color1","#22A35E";"color2","#262B38"}))
A47: ЦЕЛИ МЕСЯЦА
A48: FALSE
A49: FALSE
A50: FALSE
A52: НЕДЕЛЯ
A53: =IF(Расчёт!$H$397=0,"Первая неделя закроется в воскресенье","Неделя · "&Расчёт!$G$397&" из "&Расчёт!$H$397&IF(Расчёт!$I$397=0,""," · прошлая "&ROUND(MIN(1,Расчёт!$I$397/MAX(1,Расчёт!$H$396))*100,0)&" %"))
A54: =IF(OR(Расчёт!$D$397=0,Расчёт!$H$397=0),"","Просело: "&INDEX('Старт'!$E$12:$E$18,MAX(1,Расчёт!$D$397))&" — "&IF(INDEX('Старт'!$B$20:$B$26,MAX(1,Расчёт!$D$397))="","подтяни на этой неделе",INDEX('Старт'!$B$20:$B$26,MAX(1,Расчёт!$D$397))))
A55: =IF(Расчёт!$C$379=0,"Первая галочка — и месяц пошёл","Полных дней: "&Расчёт!$G$379&" · опыт за месяц: "&Расчёт!$I$379)
A56: =IF(Расчёт!$D$397=0,"Испытание появится в воскресенье","Испытание: "&INDEX('Старт'!$E$12:$E$18,MAX(1,Расчёт!$D$397))&" "&Расчёт!$E$397&" из 5"&IF(Расчёт!$F$397=1," ✓",""))
A57: ="Что мешало — и когда и где сделаю иначе?"
A58: Нед 1
A59: Нед 2
A60: Нед 3
A61: Нед 4
A62: Нед 5
A63: =SPARKLINE(Расчёт!$W$11:$W$41,{"charttype","column";"color","#22A35E";"empty","zero"})

Sheet Фев
A1: ="ФЕВ 2026" | F1: =IF(Расчёт!$C$380=0,"Не идеально, а регулярно",ROUND(Расчёт!$F$380*100,0)&" % · "&Расчёт!$B$6&" "&Расчёт!$B$5)
A2: =IF(OR(Расчёт!$B$2=0,Расчёт!$B$4=0),"Не идеально, а регулярно",IF(INDEX(Расчёт!$AA:$AA,Расчёт!$B$2)>0,"Награда «Возвращение» · +15 опыта",IF(MAX(IF(AND('Старт'!$B$12<>"",IF('Старт'!$F$12="",7,'Старт'!$F$12)=7,INDEX(Расчёт!$I:$I,Расчёт!$B$2)=0,INDEX(Расчёт!$P:$P,Расчёт!$B$2)>1,N($J$39)>=3),1,0),IF(AND('Старт'!$B$13<>"",IF('Старт'!$F$13="",7,'Старт'!$F$13)=7,INDEX(Расчёт!$J:$J,Расчёт!$B$2)=0,INDEX(Расчёт!$Q:$Q,Расчёт!$B$2)>1,N($J$40)>=3),2,0),IF(AND('Старт'!$B$14<>"",IF('Старт'!$F$14="",7,'Старт'!$F$14)=7,INDEX(Расчёт!$K:$K,Расчёт!$B$2)=0,INDEX(Расчёт!$R:$R,Расчёт!$B$2)>1,N($J$41)>=3),3,0),IF(AND('Старт'!$B$15<>"",IF('Старт'!$F$15="",7,'Старт'!$F$15)=7,INDEX(Расчёт!$L:$L,Расчёт!$B$2)=0,INDEX(Расчёт!$S:$S,Расчёт!$B$2)>1,N($J$42)>=3),4,0),IF(AND('Старт'!$B$16<>"",IF('Старт'!$F$16="",7,'Старт'!$F$16)=7,INDEX(Расчёт!$M:$M,Расчёт!$B$2)=0,INDEX(Расчёт!$T:$T,Расчёт!$B$2)>1,N($J$43)>=3),5,0),IF(AND('Старт'!$B$17<>"",IF('Старт'!$F$17="",7,'Старт'!$F$17)=7,INDEX(Расчёт!$N:$N,Расчёт!$B$2)=0,INDEX(Расчёт!$U:$U,Расчёт!$B$2)>1,N($J$44)>=3),6,0),IF(AND('Старт'!$B$18<>"",IF('Старт'!$F$18="",7,'Старт'!$F$18)=7,INDEX(Расчёт!$O:$O,Расчёт!$B$2)=0,INDEX(Расчёт!$V:$V,Расчёт!$B$2)>1,N($J$45)>=3),7,0))>0,"Верни «"&INDEX('Старт'!$E$12:$E$18,MAX(1,MAX(IF(AND('Старт'!$B$12<>"",IF('Старт'!$F$12="",7,'Старт'!$F$12)=7,INDEX(Расчёт!$I:$I,Расчёт!$B$2)=0,INDEX(Расчёт!$P:$P,Расчёт!$B$2)>1,N($J$39)>=3),1,0),IF(AND('Старт'!$B$13<>"",IF('Старт'!$F$13="",7,'Старт'!$F$13)=7,INDEX(Расчёт!$J:$J,Расчёт!$B$2)=0,INDEX(Расчёт!$Q:$Q,Расчёт!$B$2)>1,N($J$40)>=3),2,0),IF(AND('Старт'!$B$14<>"",IF('Старт'!$F$14="",7,'Старт'!$F$14)=7,INDEX(Расчёт!$K:$K,Расчёт!$B$2)=0,INDEX(Расчёт!$R:$R,Расчёт!$B$2)>1,N($J$41)>=3),3,0),IF(AND('Старт'!$B$15<>"",IF('Старт'!$F$15="",7,'Старт'!$F$15)=7,INDEX(Расчёт!$L:$L,Расчёт!$B$2)=0,INDEX(Расчёт!$S:$S,Расчёт!$B$2)>1,N($J$42)>=3),4,0),IF(AND('Старт'!$B$16<>"",IF('Старт'!$F$16="",7,'Старт'!$F$16)=7,INDEX(Расчёт!$M:$M,Расчёт!$B$2)=0,INDEX(Расчёт!$T:$T,Расчёт!$B$2)>1,N($J$43)>=3),5,0),IF(AND('Старт'!$B$17<>"",IF('Старт'!$F$17="",7,'Старт'!$F$17)=7,INDEX(Расчёт!$N:$N,Расчёт!$B$2)=0,INDEX(Расчёт!$U:$U,Расчёт!$B$2)>1,N($J$44)>=3),6,0),IF(AND('Старт'!$B$18<>"",IF('Старт'!$F$18="",7,'Старт'!$F$18)=7,INDEX(Расчёт!$O:$O,Расчёт!$B$2)=0,INDEX(Расчёт!$V:$V,Расчёт!$B$2)>1,N($J$45)>=3),7,0))))&"» сегодня"&IF(INDEX('Старт'!$B$20:$B$26,MAX(1,MAX(IF(AND('Старт'!$B$12<>"",IF('Старт'!$F$12="",7,'Старт'!$F$12)=7,INDEX(Расчёт!$I:$I,Расчёт!$B$2)=0,INDEX(Расчёт!$P:$P,Расчёт!$B$2)>1,N($J$39)>=3),1,0),IF(AND('Старт'!$B$13<>"",IF('Старт'!$F$13="",7,'Старт'!$F$13)=7,INDEX(Расчёт!$J:$J,Расчёт!$B$2)=0,INDEX(Расчёт!$Q:$Q,Расчёт!$B$2)>1,N($J$40)>=3),2,0),IF(AND('Старт'!$B$14<>"",IF('Старт'!$F$14="",7,'Старт'!$F$14)=7,INDEX(Расчёт!$K:$K,Расчёт!$B$2)=0,INDEX(Расчёт!$R:$R,Расчёт!$B$2)>1,N($J$41)>=3),3,0),IF(AND('Старт'!$B$15<>"",IF('Старт'!$F$15="",7,'Старт'!$F$15)=7,INDEX(Расчёт!$L:$L,Расчёт!$B$2)=0,INDEX(Расчёт!$S:$S,Расчёт!$B$2)>1,N($J$42)>=3),4,0),IF(AND('Старт'!$B$16<>"",IF('Старт'!$F$16="",7,'Старт'!$F$16)=7,INDEX(Расчёт!$M:$M,Расчёт!$B$2)=0,INDEX(Расчёт!$T:$T,Расчёт!$B$2)>1,N($J$43)>=3),5,0),IF(AND('Старт'!$B$17<>"",IF('Старт'!$F$17="",7,'Старт'!$F$17)=7,INDEX(Расчёт!$N:$N,Расчёт!$B$2)=0,INDEX(Расчёт!$U:$U,Расчёт!$B$2)>1,N($J$44)>=3),6,0),IF(AND('Старт'!$B$18<>"",IF('Старт'!$F$18="",7,'Старт'!$F$18)=7,INDEX(Расчёт!$O:$O,Расчёт!$B$2)=0,INDEX(Расчёт!$V:$V,Расчёт!$B$2)>1,N($J$45)>=3),7,0))))="",""," — "&INDEX('Старт'!$B$20:$B$26,MAX(1,MAX(IF(AND('Старт'!$B$12<>"",IF('Старт'!$F$12="",7,'Старт'!$F$12)=7,INDEX(Расчёт!$I:$I,Расчёт!$B$2)=0,INDEX(Расчёт!$P:$P,Расчёт!$B$2)>1,N($J$39)>=3),1,0),IF(AND('Старт'!$B$13<>"",IF('Старт'!$F$13="",7,'Старт'!$F$13)=7,INDEX(Расчёт!$J:$J,Расчёт!$B$2)=0,INDEX(Расчёт!$Q:$Q,Расчёт!$B$2)>1,N($J$40)>=3),2,0),IF(AND('Старт'!$B$14<>"",IF('Старт'!$F$14="",7,'Старт'!$F$14)=7,INDEX(Расчёт!$K:$K,Расчёт!$B$2)=0,INDEX(Расчёт!$R:$R,Расчёт!$B$2)>1,N($J$41)>=3),3,0),IF(AND('Старт'!$B$15<>"",IF('Старт'!$F$15="",7,'Старт'!$F$15)=7,INDEX(Расчёт!$L:$L,Расчёт!$B$2)=0,INDEX(Расчёт!$S:$S,Расчёт!$B$2)>1,N($J$42)>=3),4,0),IF(AND('Старт'!$B$16<>"",IF('Старт'!$F$16="",7,'Старт'!$F$16)=7,INDEX(Расчёт!$M:$M,Расчёт!$B$2)=0,INDEX(Расчёт!$T:$T,Расчёт!$B$2)>1,N($J$43)>=3),5,0),IF(AND('Старт'!$B$17<>"",IF('Старт'!$F$17="",7,'Старт'!$F$17)=7,INDEX(Расчёт!$N:$N,Расчёт!$B$2)=0,INDEX(Расчёт!$U:$U,Расчёт!$B$2)>1,N($J$44)>=3),6,0),IF(AND('Старт'!$B$18<>"",IF('Старт'!$F$18="",7,'Старт'!$F$18)=7,INDEX(Расчёт!$O:$O,Расчёт!$B$2)=0,INDEX(Расчёт!$V:$V,Расчёт!$B$2)>1,N($J$45)>=3),7,0))))),IF(Расчёт!$F$401=1,"Испытание закрыто · +100 опыта","Уровень "&Расчёт!$B$5&" · "&Расчёт!$B$6))))
B3: =IF('Старт'!$B$12="","",'Старт'!$A$12) | C3: =IF('Старт'!$B$13="","",'Старт'!$A$13) | D3: =IF('Старт'!$B$14="","",'Старт'!$A$14) | E3: =IF('Старт'!$B$15="","",'Старт'!$A$15) | F3: =IF('Старт'!$B$16="","",'Старт'!$A$16) | G3: =IF('Старт'!$B$17="","",'Старт'!$A$17) | H3: =IF('Старт'!$B$18="","",'Старт'!$A$18)
B4: =IF('Старт'!$B$12="","",'Старт'!$E$12) | C4: =IF('Старт'!$B$13="","",'Старт'!$E$13) | D4: =IF('Старт'!$B$14="","",'Старт'!$E$14) | E4: =IF('Старт'!$B$15="","",'Старт'!$E$15) | F4: =IF('Старт'!$B$16="","",'Старт'!$E$16) | G4: =IF('Старт'!$B$17="","",'Старт'!$E$17) | H4: =IF('Старт'!$B$18="","",'Старт'!$E$18)
B5: =IF('Старт'!$B$12="","",IF(Расчёт!$B$2=0,"",IF(IF('Старт'!$F$12="",7,'Старт'!$F$12)<7,"ок",IF(INDEX(Расчёт!$I:$I,Расчёт!$B$2)=0,IF(AND(INDEX(Расчёт!$P:$P,Расчёт!$B$2)>1,$J$39>=3),"верни",""),IF(INDEX(Расчёт!$I:$I,Расчёт!$B$2)>=3,"🔥","")&INDEX(Расчёт!$I:$I,Расчёт!$B$2)&IF(INDEX(Расчёт!$P:$P,Расчёт!$B$2)<=1,"🛡",""))))) | C5: =IF('Старт'!$B$13="","",IF(Расчёт!$B$2=0,"",IF(IF('Старт'!$F$13="",7,'Старт'!$F$13)<7,"ок",IF(INDEX(Расчёт!$J:$J,Расчёт!$B$2)=0,IF(AND(INDEX(Расчёт!$Q:$Q,Расчёт!$B$2)>1,$J$40>=3),"верни",""),IF(INDEX(Расчёт!$J:$J,Расчёт!$B$2)>=3,"🔥","")&INDEX(Расчёт!$J:$J,Расчёт!$B$2)&IF(INDEX(Расчёт!$Q:$Q,Расчёт!$B$2)<=1,"🛡",""))))) | D5: =IF('Старт'!$B$14="","",IF(Расчёт!$B$2=0,"",IF(IF('Старт'!$F$14="",7,'Старт'!$F$14)<7,"ок",IF(INDEX(Расчёт!$K:$K,Расчёт!$B$2)=0,IF(AND(INDEX(Расчёт!$R:$R,Расчёт!$B$2)>1,$J$41>=3),"верни",""),IF(INDEX(Расчёт!$K:$K,Расчёт!$B$2)>=3,"🔥","")&INDEX(Расчёт!$K:$K,Расчёт!$B$2)&IF(INDEX(Расчёт!$R:$R,Расчёт!$B$2)<=1,"🛡",""))))) | E5: =IF('Старт'!$B$15="","",IF(Расчёт!$B$2=0,"",IF(IF('Старт'!$F$15="",7,'Старт'!$F$15)<7,"ок",IF(INDEX(Расчёт!$L:$L,Расчёт!$B$2)=0,IF(AND(INDEX(Расчёт!$S:$S,Расчёт!$B$2)>1,$J$42>=3),"верни",""),IF(INDEX(Расчёт!$L:$L,Расчёт!$B$2)>=3,"🔥","")&INDEX(Расчёт!$L:$L,Расчёт!$B$2)&IF(INDEX(Расчёт!$S:$S,Расчёт!$B$2)<=1,"🛡",""))))) | F5: =IF('Старт'!$B$16="","",IF(Расчёт!$B$2=0,"",IF(IF('Старт'!$F$16="",7,'Старт'!$F$16)<7,"ок",IF(INDEX(Расчёт!$M:$M,Расчёт!$B$2)=0,IF(AND(INDEX(Расчёт!$T:$T,Расчёт!$B$2)>1,$J$43>=3),"верни",""),IF(INDEX(Расчёт!$M:$M,Расчёт!$B$2)>=3,"🔥","")&INDEX(Расчёт!$M:$M,Расчёт!$B$2)&IF(INDEX(Расчёт!$T:$T,Расчёт!$B$2)<=1,"🛡",""))))) | G5: =IF('Старт'!$B$17="","",IF(Расчёт!$B$2=0,"",IF(IF('Старт'!$F$17="",7,'Старт'!$F$17)<7,"ок",IF(INDEX(Расчёт!$N:$N,Расчёт!$B$2)=0,IF(AND(INDEX(Расчёт!$U:$U,Расчёт!$B$2)>1,$J$44>=3),"верни",""),IF(INDEX(Расчёт!$N:$N,Расчёт!$B$2)>=3,"🔥","")&INDEX(Расчёт!$N:$N,Расчёт!$B$2)&IF(INDEX(Расчёт!$U:$U,Расчёт!$B$2)<=1,"🛡",""))))) | H5: =IF('Старт'!$B$18="","",IF(Расчёт!$B$2=0,"",IF(IF('Старт'!$F$18="",7,'Старт'!$F$18)<7,"ок",IF(INDEX(Расчёт!$O:$O,Расчёт!$B$2)=0,IF(AND(INDEX(Расчёт!$V:$V,Расчёт!$B$2)>1,$J$45>=3),"верни",""),IF(INDEX(Расчёт!$O:$O,Расчёт!$B$2)>=3,"🔥","")&INDEX(Расчёт!$O:$O,Расчёт!$B$2)&IF(INDEX(Расчёт!$V:$V,Расчёт!$B$2)<=1,"🛡",""))))) | I5: =Расчёт!$B$3 | J5: =IF(AND(YEAR(Расчёт!$B$1)=2026,MONTH(Расчёт!$B$1)=2),5+DAY(Расчёт!$B$1),0) | K5: =IF(WEEKDAY(Расчёт!$B$1,2)>=6,1,0) | L5: =Расчёт!$B$2
A6: =IF(Расчёт!$A$42=0,"Вс 1","Вс 1"&CHAR(10)&Расчёт!$W$42&"/"&$I$5) | B6: FALSE | C6: FALSE | D6: FALSE | E6: FALSE | F6: FALSE | G6: FALSE | H6: FALSE
A7: =IF(Расчёт!$A$43=0,"Пн 2","Пн 2"&CHAR(10)&Расчёт!$W$43&"/"&$I$5) | B7: FALSE | C7: FALSE | D7: FALSE | E7: FALSE | F7: FALSE | G7: FALSE | H7: FALSE
A8: =IF(Расчёт!$A$44=0,"Вт 3","Вт 3"&CHAR(10)&Расчёт!$W$44&"/"&$I$5) | B8: FALSE | C8: FALSE | D8: FALSE | E8: FALSE | F8: FALSE | G8: FALSE | H8: FALSE
A9: =IF(Расчёт!$A$45=0,"Ср 4","Ср 4"&CHAR(10)&Расчёт!$W$45&"/"&$I$5) | B9: FALSE | C9: FALSE | D9: FALSE | E9: FALSE | F9: FALSE | G9: FALSE | H9: FALSE
A10: =IF(Расчёт!$A$46=0,"Чт 5","Чт 5"&CHAR(10)&Расчёт!$W$46&"/"&$I$5) | B10: FALSE | C10: FALSE | D10: FALSE | E10: FALSE | F10: FALSE | G10: FALSE | H10: FALSE
A11: =IF(Расчёт!$A$47=0,"Пт 6","Пт 6"&CHAR(10)&Расчёт!$W$47&"/"&$I$5) | B11: FALSE | C11: FALSE | D11: FALSE | E11: FALSE | F11: FALSE | G11: FALSE | H11: FALSE
A12: =IF(Расчёт!$A$48=0,"Сб 7","Сб 7"&CHAR(10)&Расчёт!$W$48&"/"&$I$5) | B12: FALSE | C12: FALSE | D12: FALSE | E12: FALSE | F12: FALSE | G12: FALSE | H12: FALSE
A13: =IF(Расчёт!$A$49=0,"Вс 8","Вс 8"&CHAR(10)&Расчёт!$W$49&"/"&$I$5) | B13: FALSE | C13: FALSE | D13: FALSE | E13: FALSE | F13: FALSE | G13: FALSE | H13: FALSE
A14: =IF(Расчёт!$A$50=0,"Пн 9","Пн 9"&CHAR(10)&Расчёт!$W$50&"/"&$I$5) | B14: FALSE | C14: FALSE | D14: FALSE | E14: FALSE | F14: FALSE | G14: FALSE | H14: FALSE
A15: =IF(Расчёт!$A$51=0,"Вт 10","Вт 10"&CHAR(10)&Расчёт!$W$51&"/"&$I$5) | B15: FALSE | C15: FALSE | D15: FALSE | E15: FALSE | F15: FALSE | G15: FALSE | H15: FALSE
A16: =IF(Расчёт!$A$52=0,"Ср 11","Ср 11"&CHAR(10)&Расчёт!$W$52&"/"&$I$5) | B16: FALSE | C16: FALSE | D16: FALSE | E16: FALSE | F16: FALSE | G16: FALSE | H16: FALSE
A17: =IF(Расчёт!$A$53=0,"Чт 12","Чт 12"&CHAR(10)&Расчёт!$W$53&"/"&$I$5) | B17: FALSE | C17: FALSE | D17: FALSE | E17: FALSE | F17: FALSE | G17: FALSE | H17: FALSE
A18: =IF(Расчёт!$A$54=0,"Пт 13","Пт 13"&CHAR(10)&Расчёт!$W$54&"/"&$I$5) | B18: FALSE | C18: FALSE | D18: FALSE | E18: FALSE | F18: FALSE | G18: FALSE | H18: FALSE
A19: =IF(Расчёт!$A$55=0,"Сб 14","Сб 14"&CHAR(10)&Расчёт!$W$55&"/"&$I$5) | B19: FALSE | C19: FALSE | D19: FALSE | E19: FALSE | F19: FALSE | G19: FALSE | H19: FALSE
A20: =IF(Расчёт!$A$56=0,"Вс 15","Вс 15"&CHAR(10)&Расчёт!$W$56&"/"&$I$5) | B20: FALSE | C20: FALSE | D20: FALSE | E20: FALSE | F20: FALSE | G20: FALSE | H20: FALSE
A21: =IF(Расчёт!$A$57=0,"Пн 16","Пн 16"&CHAR(10)&Расчёт!$W$57&"/"&$I$5) | B21: FALSE | C21: FALSE | D21: FALSE | E21: FALSE | F21: FALSE | G21: FALSE | H21: FALSE
A22: =IF(Расчёт!$A$58=0,"Вт 17","Вт 17"&CHAR(10)&Расчёт!$W$58&"/"&$I$5) | B22: FALSE | C22: FALSE | D22: FALSE | E22: FALSE | F22: FALSE | G22: FALSE | H22: FALSE
A23: =IF(Расчёт!$A$59=0,"Ср 18","Ср 18"&CHAR(10)&Расчёт!$W$59&"/"&$I$5) | B23: FALSE | C23: FALSE | D23: FALSE | E23: FALSE | F23: FALSE | G23: FALSE | H23: FALSE
A24: =IF(Расчёт!$A$60=0,"Чт 19","Чт 19"&CHAR(10)&Расчёт!$W$60&"/"&$I$5) | B24: FALSE | C24: FALSE | D24: FALSE | E24: FALSE | F24: FALSE | G24: FALSE | H24: FALSE
A25: =IF(Расчёт!$A$61=0,"Пт 20","Пт 20"&CHAR(10)&Расчёт!$W$61&"/"&$I$5) | B25: FALSE | C25: FALSE | D25: FALSE | E25: FALSE | F25: FALSE | G25: FALSE | H25: FALSE
A26: =IF(Расчёт!$A$62=0,"Сб 21","Сб 21"&CHAR(10)&Расчёт!$W$62&"/"&$I$5) | B26: FALSE | C26: FALSE | D26: FALSE | E26: FALSE | F26: FALSE | G26: FALSE | H26: FALSE
A27: =IF(Расчёт!$A$63=0,"Вс 22","Вс 22"&CHAR(10)&Расчёт!$W$63&"/"&$I$5) | B27: FALSE | C27: FALSE | D27: FALSE | E27: FALSE | F27: FALSE | G27: FALSE | H27: FALSE
A28: =IF(Расчёт!$A$64=0,"Пн 23","Пн 23"&CHAR(10)&Расчёт!$W$64&"/"&$I$5) | B28: FALSE | C28: FALSE | D28: FALSE | E28: FALSE | F28: FALSE | G28: FALSE | H28: FALSE
A29: =IF(Расчёт!$A$65=0,"Вт 24","Вт 24"&CHAR(10)&Расчёт!$W$65&"/"&$I$5) | B29: FALSE | C29: FALSE | D29: FALSE | E29: FALSE | F29: FALSE | G29: FALSE | H29: FALSE
A30: =IF(Расчёт!$A$66=0,"Ср 25","Ср 25"&CHAR(10)&Расчёт!$W$66&"/"&$I$5) | B30: FALSE | C30: FALSE | D30: FALSE | E30: FALSE | F30: FALSE | G30: FALSE | H30: FALSE
A31: =IF(Расчёт!$A$67=0,"Чт 26","Чт 26"&CHAR(10)&Расчёт!$W$67&"/"&$I$5) | B31: FALSE | C31: FALSE | D31: FALSE | E31: FALSE | F31: FALSE | G31: FALSE | H31: FALSE
A32: =IF(Расчёт!$A$68=0,"Пт 27","Пт 27"&CHAR(10)&Расчёт!$W$68&"/"&$I$5) | B32: FALSE | C32: FALSE | D32: FALSE | E32: FALSE | F32: FALSE | G32: FALSE | H32: FALSE
A33: =IF(Расчёт!$A$69=0,"Сб 28","Сб 28"&CHAR(10)&Расчёт!$W$69&"/"&$I$5) | B33: FALSE | C33: FALSE | D33: FALSE | E33: FALSE | F33: FALSE | G33: FALSE | H33: FALSE
A38: МОИ ПРИВЫЧКИ
A39: =IF('Старт'!$B$12="","",'Старт'!$A$12&" "&'Старт'!$B$12) | G39: =IF('Старт'!$B$12="","",SUM(Расчёт!$B$42:$B$69)&" из "&ROUND(IF('Старт'!$F$12="",7,'Старт'!$F$12)*28/7,0)) | I39: =IF('Старт'!$B$12="","",IF(Расчёт!$B$2=0,"",IF(IF('Старт'!$F$12="",7,'Старт'!$F$12)<7,"ок",IF(INDEX(Расчёт!$I:$I,Расчёт!$B$2)=0,IF(AND(INDEX(Расчёт!$P:$P,Расчёт!$B$2)>1,$J$39>=3),"верни",""),IF(INDEX(Расчёт!$I:$I,Расчёт!$B$2)>=3,"🔥","")&INDEX(Расчёт!$I:$I,Расчёт!$B$2)&IF(INDEX(Расчёт!$P:$P,Расчёт!$B$2)<=1,"🛡",""))))) | J39: =IF('Старт'!$B$12="","",MAX(Расчёт!$I$42:$I$69)) | K39: =IF(OR('Старт'!$B$12="",Расчёт!$C$380=0),"",MIN(1,SUM(Расчёт!$B$42:$B$69)/MAX(1,ROUND(IF('Старт'!$F$12="",7,'Старт'!$F$12)*28/7,0)*Расчёт!$C$380/28))) | L39: =IF($K$39="","",SPARKLINE($K$39,{"charttype","bar";"max",1;"color1","#22A35E";"color2","#262B38"}))
A40: =IF('Старт'!$B$13="","",'Старт'!$A$13&" "&'Старт'!$B$13) | G40: =IF('Старт'!$B$13="","",SUM(Расчёт!$C$42:$C$69)&" из "&ROUND(IF('Старт'!$F$13="",7,'Старт'!$F$13)*28/7,0)) | I40: =IF('Старт'!$B$13="","",IF(Расчёт!$B$2=0,"",IF(IF('Старт'!$F$13="",7,'Старт'!$F$13)<7,"ок",IF(INDEX(Расчёт!$J:$J,Расчёт!$B$2)=0,IF(AND(INDEX(Расчёт!$Q:$Q,Расчёт!$B$2)>1,$J$40>=3),"верни",""),IF(INDEX(Расчёт!$J:$J,Расчёт!$B$2)>=3,"🔥","")&INDEX(Расчёт!$J:$J,Расчёт!$B$2)&IF(INDEX(Расчёт!$Q:$Q,Расчёт!$B$2)<=1,"🛡",""))))) | J40: =IF('Старт'!$B$13="","",MAX(Расчёт!$J$42:$J$69)) | K40: =IF(OR('Старт'!$B$13="",Расчёт!$C$380=0),"",MIN(1,SUM(Расчёт!$C$42:$C$69)/MAX(1,ROUND(IF('Старт'!$F$13="",7,'Старт'!$F$13)*28/7,0)*Расчёт!$C$380/28))) | L40: =IF($K$40="","",SPARKLINE($K$40,{"charttype","bar";"max",1;"color1","#22A35E";"color2","#262B38"}))
A41: =IF('Старт'!$B$14="","",'Старт'!$A$14&" "&'Старт'!$B$14) | G41: =IF('Старт'!$B$14="","",SUM(Расчёт!$D$42:$D$69)&" из "&ROUND(IF('Старт'!$F$14="",7,'Старт'!$F$14)*28/7,0)) | I41: =IF('Старт'!$B$14="","",IF(Расчёт!$B$2=0,"",IF(IF('Старт'!$F$14="",7,'Старт'!$F$14)<7,"ок",IF(INDEX(Расчёт!$K:$K,Расчёт!$B$2)=0,IF(AND(INDEX(Расчёт!$R:$R,Расчёт!$B$2)>1,$J$41>=3),"верни",""),IF(INDEX(Расчёт!$K:$K,Расчёт!$B$2)>=3,"🔥","")&INDEX(Расчёт!$K:$K,Расчёт!$B$2)&IF(INDEX(Расчёт!$R:$R,Расчёт!$B$2)<=1,"🛡",""))))) | J41: =IF('Старт'!$B$14="","",MAX(Расчёт!$K$42:$K$69)) | K41: =IF(OR('Старт'!$B$14="",Расчёт!$C$380=0),"",MIN(1,SUM(Расчёт!$D$42:$D$69)/MAX(1,ROUND(IF('Старт'!$F$14="",7,'Старт'!$F$14)*28/7,0)*Расчёт!$C$380/28))) | L41: =IF($K$41="","",SPARKLINE($K$41,{"charttype","bar";"max",1;"color1","#22A35E";"color2","#262B38"}))
A42: =IF('Старт'!$B$15="","",'Старт'!$A$15&" "&'Старт'!$B$15) | G42: =IF('Старт'!$B$15="","",SUM(Расчёт!$E$42:$E$69)&" из "&ROUND(IF('Старт'!$F$15="",7,'Старт'!$F$15)*28/7,0)) | I42: =IF('Старт'!$B$15="","",IF(Расчёт!$B$2=0,"",IF(IF('Старт'!$F$15="",7,'Старт'!$F$15)<7,"ок",IF(INDEX(Расчёт!$L:$L,Расчёт!$B$2)=0,IF(AND(INDEX(Расчёт!$S:$S,Расчёт!$B$2)>1,$J$42>=3),"верни",""),IF(INDEX(Расчёт!$L:$L,Расчёт!$B$2)>=3,"🔥","")&INDEX(Расчёт!$L:$L,Расчёт!$B$2)&IF(INDEX(Расчёт!$S:$S,Расчёт!$B$2)<=1,"🛡",""))))) | J42: =IF('Старт'!$B$15="","",MAX(Расчёт!$L$42:$L$69)) | K42: =IF(OR('Старт'!$B$15="",Расчёт!$C$380=0),"",MIN(1,SUM(Расчёт!$E$42:$E$69)/MAX(1,ROUND(IF('Старт'!$F$15="",7,'Старт'!$F$15)*28/7,0)*Расчёт!$C$380/28))) | L42: =IF($K$42="","",SPARKLINE($K$42,{"charttype","bar";"max",1;"color1","#22A35E";"color2","#262B38"}))
A43: =IF('Старт'!$B$16="","",'Старт'!$A$16&" "&'Старт'!$B$16) | G43: =IF('Старт'!$B$16="","",SUM(Расчёт!$F$42:$F$69)&" из "&ROUND(IF('Старт'!$F$16="",7,'Старт'!$F$16)*28/7,0)) | I43: =IF('Старт'!$B$16="","",IF(Расчёт!$B$2=0,"",IF(IF('Старт'!$F$16="",7,'Старт'!$F$16)<7,"ок",IF(INDEX(Расчёт!$M:$M,Расчёт!$B$2)=0,IF(AND(INDEX(Расчёт!$T:$T,Расчёт!$B$2)>1,$J$43>=3),"верни",""),IF(INDEX(Расчёт!$M:$M,Расчёт!$B$2)>=3,"🔥","")&INDEX(Расчёт!$M:$M,Расчёт!$B$2)&IF(INDEX(Расчёт!$T:$T,Расчёт!$B$2)<=1,"🛡",""))))) | J43: =IF('Старт'!$B$16="","",MAX(Расчёт!$M$42:$M$69)) | K43: =IF(OR('Старт'!$B$16="",Расчёт!$C$380=0),"",MIN(1,SUM(Расчёт!$F$42:$F$69)/MAX(1,ROUND(IF('Старт'!$F$16="",7,'Старт'!$F$16)*28/7,0)*Расчёт!$C$380/28))) | L43: =IF($K$43="","",SPARKLINE($K$43,{"charttype","bar";"max",1;"color1","#22A35E";"color2","#262B38"}))
A44: =IF('Старт'!$B$17="","",'Старт'!$A$17&" "&'Старт'!$B$17) | G44: =IF('Старт'!$B$17="","",SUM(Расчёт!$G$42:$G$69)&" из "&ROUND(IF('Старт'!$F$17="",7,'Старт'!$F$17)*28/7,0)) | I44: =IF('Старт'!$B$17="","",IF(Расчёт!$B$2=0,"",IF(IF('Старт'!$F$17="",7,'Старт'!$F$17)<7,"ок",IF(INDEX(Расчёт!$N:$N,Расчёт!$B$2)=0,IF(AND(INDEX(Расчёт!$U:$U,Расчёт!$B$2)>1,$J$44>=3),"верни",""),IF(INDEX(Расчёт!$N:$N,Расчёт!$B$2)>=3,"🔥","")&INDEX(Расчёт!$N:$N,Расчёт!$B$2)&IF(INDEX(Расчёт!$U:$U,Расчёт!$B$2)<=1,"🛡",""))))) | J44: =IF('Старт'!$B$17="","",MAX(Расчёт!$N$42:$N$69)) | K44: =IF(OR('Старт'!$B$17="",Расчёт!$C$380=0),"",MIN(1,SUM(Расчёт!$G$42:$G$69)/MAX(1,ROUND(IF('Старт'!$F$17="",7,'Старт'!$F$17)*28/7,0)*Расчёт!$C$380/28))) | L44: =IF($K$44="","",SPARKLINE($K$44,{"charttype","bar";"max",1;"color1","#22A35E";"color2","#262B38"}))
A45: =IF('Старт'!$B$18="","",'Старт'!$A$18&" "&'Старт'!$B$18) | G45: =IF('Старт'!$B$18="","",SUM(Расчёт!$H$42:$H$69)&" из "&ROUND(IF('Старт'!$F$18="",7,'Старт'!$F$18)*28/7,0)) | I45: =IF('Старт'!$B$18="","",IF(Расчёт!$B$2=0,"",IF(IF('Старт'!$F$18="",7,'Старт'!$F$18)<7,"ок",IF(INDEX(Расчёт!$O:$O,Расчёт!$B$2)=0,IF(AND(INDEX(Расчёт!$V:$V,Расчёт!$B$2)>1,$J$45>=3),"верни",""),IF(INDEX(Расчёт!$O:$O,Расчёт!$B$2)>=3,"🔥","")&INDEX(Расчёт!$O:$O,Расчёт!$B$2)&IF(INDEX(Расчёт!$V:$V,Расчёт!$B$2)<=1,"🛡",""))))) | J45: =IF('Старт'!$B$18="","",MAX(Расчёт!$O$42:$O$69)) | K45: =IF(OR('Старт'!$B$18="",Расчёт!$C$380=0),"",MIN(1,SUM(Расчёт!$H$42:$H$69)/MAX(1,ROUND(IF('Старт'!$F$18="",7,'Старт'!$F$18)*28/7,0)*Расчёт!$C$380/28))) | L45: =IF($K$45="","",SPARKLINE($K$45,{"charttype","bar";"max",1;"color1","#22A35E";"color2","#262B38"}))
A47: ЦЕЛИ МЕСЯЦА
A48: FALSE
A49: FALSE
A50: FALSE
A52: НЕДЕЛЯ
A53: =IF(Расчёт!$H$401=0,"Первая неделя закроется в воскресенье","Неделя · "&Расчёт!$G$401&" из "&Расчёт!$H$401&IF(Расчёт!$I$401=0,""," · прошлая "&ROUND(MIN(1,Расчёт!$I$401/MAX(1,Расчёт!$H$400))*100,0)&" %"))
A54: =IF(OR(Расчёт!$D$401=0,Расчёт!$H$401=0),"","Просело: "&INDEX('Старт'!$E$12:$E$18,MAX(1,Расчёт!$D$401))&" — "&IF(INDEX('Старт'!$B$20:$B$26,MAX(1,Расчёт!$D$401))="","подтяни на этой неделе",INDEX('Старт'!$B$20:$B$26,MAX(1,Расчёт!$D$401))))
A55: =IF(Расчёт!$C$380=0,"Первая галочка — и месяц пошёл","Полных дней: "&Расчёт!$G$380&" · опыт за месяц: "&Расчёт!$I$380)
A56: =IF(Расчёт!$D$401=0,"Испытание появится в воскресенье","Испытание: "&INDEX('Старт'!$E$12:$E$18,MAX(1,Расчёт!$D$401))&" "&Расчёт!$E$401&" из 5"&IF(Расчёт!$F$401=1," ✓",""))
A57: ="Что мешало — и когда и где сделаю иначе?"
A58: Нед 1
A59: Нед 2
A60: Нед 3
A61: Нед 4
A62: Нед 5
A63: =SPARKLINE(Расчёт!$W$42:$W$69,{"charttype","column";"color","#22A35E";"empty","zero"})

Sheet Мар
A1: ="МАР 2026" | F1: =IF(Расчёт!$C$381=0,"Не идеально, а регулярно",ROUND(Расчёт!$F$381*100,0)&" % · "&Расчёт!$B$6&" "&Расчёт!$B$5)
A2: =IF(OR(Расчёт!$B$2=0,Расчёт!$B$4=0),"Не идеально, а регулярно",IF(INDEX(Расчёт!$AA:$AA,Расчёт!$B$2)>0,"Награда «Возвращение» · +15 опыта",IF(MAX(IF(AND('Старт'!$B$12<>"",IF('Старт'!$F$12="",7,'Старт'!$F$12)=7,INDEX(Расчёт!$I:$I,Расчёт!$B$2)=0,INDEX(Расчёт!$P:$P,Расчёт!$B$2)>1,N($J$39)>=3),1,0),IF(AND('Старт'!$B$13<>"",IF('Старт'!$F$13="",7,'Старт'!$F$13)=7,INDEX(Расчёт!$J:$J,Расчёт!$B$2)=0,INDEX(Расчёт!$Q:$Q,Расчёт!$B$2)>1,N($J$40)>=3),2,0),IF(AND('Старт'!$B$14<>"",IF('Старт'!$F$14="",7,'Старт'!$F$14)=7,INDEX(Расчёт!$K:$K,Расчёт!$B$2)=0,INDEX(Расчёт!$R:$R,Расчёт!$B$2)>1,N($J$41)>=3),3,0),IF(AND('Старт'!$B$15<>"",IF('Старт'!$F$15="",7,'Старт'!$F$15)=7,INDEX(Расчёт!$L:$L,Расчёт!$B$2)=0,INDEX(Расчёт!$S:$S,Расчёт!$B$2)>1,N($J$42)>=3),4,0),IF(AND('Старт'!$B$16<>"",IF('Старт'!$F$16="",7,'Старт'!$F$16)=7,INDEX(Расчёт!$M:$M,Расчёт!$B$2)=0,INDEX(Расчёт!$T:$T,Расчёт!$B$2)>1,N($J$43)>=3),5,0),IF(AND('Старт'!$B$17<>"",IF('Старт'!$F$17="",7,'Старт'!$F$17)=7,INDEX(Расчёт!$N:$N,Расчёт!$B$2)=0,INDEX(Расчёт!$U:$U,Расчёт!$B$2)>1,N($J$44)>=3),6,0),IF(AND('Старт'!$B$18<>"",IF('Старт'!$F$18="",7,'Старт'!$F$18)=7,INDEX(Расчёт!$O:$O,Расчёт!$B$2)=0,INDEX(Расчёт!$V:$V,Расчёт!$B$2)>1,N($J$45)>=3),7,0))>0,"Верни «"&INDEX('Старт'!$E$12:$E$18,MAX(1,MAX(IF(AND('Старт'!$B$12<>"",IF('Старт'!$F$12="",7,'Старт'!$F$12)=7,INDEX(Расчёт!$I:$I,Расчёт!$B$2)=0,INDEX(Расчёт!$P:$P,Расчёт!$B$2)>1,N($J$39)>=3),1,0),IF(AND('Старт'!$B$13<>"",IF('Старт'!$F$13="",7,'Старт'!$F$13)=7,INDEX(Расчёт!$J:$J,Расчёт!$B$2)=0,INDEX(Расчёт!$Q:$Q,Расчёт!$B$2)>1,N($J$40)>=3),2,0),IF(AND('Старт'!$B$14<>"",IF('Старт'!$F$14="",7,'Старт'!$F$14)=7,INDEX(Расчёт!$K:$K,Расчёт!$B$2)=0,INDEX(Расчёт!$R:$R,Расчёт!$B$2)>1,N($J$41)>=3),3,0),IF(AND('Старт'!$B$15<>"",IF('Старт'!$F$15="",7,'Старт'!$F$15)=7,INDEX(Расчёт!$L:$L,Расчёт!$B$2)=0,INDEX(Расчёт!$S:$S,Расчёт!$B$2)>1,N($J$42)>=3),4,0),IF(AND('Старт'!$B$16<>"",IF('Старт'!$F$16="",7,'Старт'!$F$16)=7,INDEX(Расчёт!$M:$M,Расчёт!$B$2)=0,INDEX(Расчёт!$T:$T,Расчёт!$B$2)>1,N($J$43)>=3),5,0),IF(AND('Старт'!$B$17<>"",IF('Старт'!$F$17="",7,'Старт'!$F$17)=7,INDEX(Расчёт!$N:$N,Расчёт!$B$2)=0,INDEX(Расчёт!$U:$U,Расчёт!$B$2)>1,N($J$44)>=3),6,0),IF(AND('Старт'!$B$18<>"",IF('Старт'!$F$18="",7,'Старт'!$F$18)=7,INDEX(Расчёт!$O:$O,Расчёт!$B$2)=0,INDEX(Расчёт!$V:$V,Расчёт!$B$2)>1,N($J$45)>=3),7,0))))&"» сегодня"&IF(INDEX('Старт'!$B$20:$B$26,MAX(1,MAX(IF(AND('Старт'!$B$12<>"",IF('Старт'!$F$12="",7,'Старт'!$F$12)=7,INDEX(Расчёт!$I:$I,Расчёт!$B$2)=0,INDEX(Расчёт!$P:$P,Расчёт!$B$2)>1,N($J$39)>=3),1,0),IF(AND('Старт'!$B$13<>"",IF('Старт'!$F$13="",7,'Старт'!$F$13)=7,INDEX(Расчёт!$J:$J,Расчёт!$B$2)=0,INDEX(Расчёт!$Q:$Q,Расчёт!$B$2)>1,N($J$40)>=3),2,0),IF(AND('Старт'!$B$14<>"",IF('Старт'!$F$14="",7,'Старт'!$F$14)=7,INDEX(Расчёт!$K:$K,Расчёт!$B$2)=0,INDEX(Расчёт!$R:$R,Расчёт!$B$2)>1,N($J$41)>=3),3,0),IF(AND('Старт'!$B$15<>"",IF('Старт'!$F$15="",7,'Старт'!$F$15)=7,INDEX(Расчёт!$L:$L,Расчёт!$B$2)=0,INDEX(Расчёт!$S:$S,Расчёт!$B$2)>1,N($J$42)>=3),4,0),IF(AND('Старт'!$B$16<>"",IF('Старт'!$F$16="",7,'Старт'!$F$16)=7,INDEX(Расчёт!$M:$M,Расчёт!$B$2)=0,INDEX(Расчёт!$T:$T,Расчёт!$B$2)>1,N($J$43)>=3),5,0),IF(AND('Старт'!$B$17<>"",IF('Старт'!$F$17="",7,'Старт'!$F$17)=7,INDEX(Расчёт!$N:$N,Расчёт!$B$2)=0,INDEX(Расчёт!$U:$U,Расчёт!$B$2)>1,N($J$44)>=3),6,0),IF(AND('Старт'!$B$18<>"",IF('Старт'!$F$18="",7,'Старт'!$F$18)=7,INDEX(Расчёт!$O:$O,Расчёт!$B$2)=0,INDEX(Расчёт!$V:$V,Расчёт!$B$2)>1,N($J$45)>=3),7,0))))="",""," — "&INDEX('Старт'!$B$20:$B$26,MAX(1,MAX(IF(AND('Старт'!$B$12<>"",IF('Старт'!$F$12="",7,'Старт'!$F$12)=7,INDEX(Расчёт!$I:$I,Расчёт!$B$2)=0,INDEX(Расчёт!$P:$P,Расчёт!$B$2)>1,N($J$39)>=3),1,0),IF(AND('Старт'!$B$13<>"",IF('Старт'!$F$13="",7,'Старт'!$F$13)=7,INDEX(Расчёт!$J:$J,Расчёт!$B$2)=0,INDEX(Расчёт!$Q:$Q,Расчёт!$B$2)>1,N($J$40)>=3),2,0),IF(AND('Старт'!$B$14<>"",IF('Старт'!$F$14="",7,'Старт'!$F$14)=7,INDEX(Расчёт!$K:$K,Расчёт!$B$2)=0,INDEX(Расчёт!$R:$R,Расчёт!$B$2)>1,N($J$41)>=3),3,0),IF(AND('Старт'!$B$15<>"",IF('Старт'!$F$15="",7,'Старт'!$F$15)=7,INDEX(Расчёт!$L:$L,Расчёт!$B$2)=0,INDEX(Расчёт!$S:$S,Расчёт!$B$2)>1,N($J$42)>=3),4,0),IF(AND('Старт'!$B$16<>"",IF('Старт'!$F$16="",7,'Старт'!$F$16)=7,INDEX(Расчёт!$M:$M,Расчёт!$B$2)=0,INDEX(Расчёт!$T:$T,Расчёт!$B$2)>1,N($J$43)>=3),5,0),IF(AND('Старт'!$B$17<>"",IF('Старт'!$F$17="",7,'Старт'!$F$17)=7,INDEX(Расчёт!$N:$N,Расчёт!$B$2)=0,INDEX(Расчёт!$U:$U,Расчёт!$B$2)>1,N($J$44)>=3),6,0),IF(AND('Старт'!$B$18<>"",IF('Старт'!$F$18="",7,'Старт'!$F$18)=7,INDEX(Расчёт!$O:$O,Расчёт!$B$2)=0,INDEX(Расчёт!$V:$V,Расчёт!$B$2)>1,N($J$45)>=3),7,0))))),IF(Расчёт!$F$406=1,"Испытание закрыто · +100 опыта","Уровень "&Расчёт!$B$5&" · "&Расчёт!$B$6))))
B3: =IF('Старт'!$B$12="","",'Старт'!$A$12) | C3: =IF('Старт'!$B$13="","",'Старт'!$A$13) | D3: =IF('Старт'!$B$14="","",'Старт'!$A$14) | E3: =IF('Старт'!$B$15="","",'Старт'!$A$15) | F3: =IF('Старт'!$B$16="","",'Старт'!$A$16) | G3: =IF('Старт'!$B$17="","",'Старт'!$A$17) | H3: =IF('Старт'!$B$18="","",'Старт'!$A$18)
B4: =IF('Старт'!$B$12="","",'Старт'!$E$12) | C4: =IF('Старт'!$B$13="","",'Старт'!$E$13) | D4: =IF('Старт'!$B$14="","",'Старт'!$E$14) | E4: =IF('Старт'!$B$15="","",'Старт'!$E$15) | F4: =IF('Старт'!$B$16="","",'Старт'!$E$16) | G4: =IF('Старт'!$B$17="","",'Старт'!$E$17) | H4: =IF('Старт'!$B$18="","",'Старт'!$E$18)
B5: =IF('Старт'!$B$12="","",IF(Расчёт!$B$2=0,"",IF(IF('Старт'!$F$12="",7,'Старт'!$F$12)<7,"ок",IF(INDEX(Расчёт!$I:$I,Расчёт!$B$2)=0,IF(AND(INDEX(Расчёт!$P:$P,Расчёт!$B$2)>1,$J$39>=3),"верни",""),IF(INDEX(Расчёт!$I:$I,Расчёт!$B$2)>=3,"🔥","")&INDEX(Расчёт!$I:$I,Расчёт!$B$2)&IF(INDEX(Расчёт!$P:$P,Расчёт!$B$2)<=1,"🛡",""))))) | C5: =IF('Старт'!$B$13="","",IF(Расчёт!$B$2=0,"",IF(IF('Старт'!$F$13="",7,'Старт'!$F$13)<7,"ок",IF(INDEX(Расчёт!$J:$J,Расчёт!$B$2)=0,IF(AND(INDEX(Расчёт!$Q:$Q,Расчёт!$B$2)>1,$J$40>=3),"верни",""),IF(INDEX(Расчёт!$J:$J,Расчёт!$B$2)>=3,"🔥","")&INDEX(Расчёт!$J:$J,Расчёт!$B$2)&IF(INDEX(Расчёт!$Q:$Q,Расчёт!$B$2)<=1,"🛡",""))))) | D5: =IF('Старт'!$B$14="","",IF(Расчёт!$B$2=0,"",IF(IF('Старт'!$F$14="",7,'Старт'!$F$14)<7,"ок",IF(INDEX(Расчёт!$K:$K,Расчёт!$B$2)=0,IF(AND(INDEX(Расчёт!$R:$R,Расчёт!$B$2)>1,$J$41>=3),"верни",""),IF(INDEX(Расчёт!$K:$K,Расчёт!$B$2)>=3,"🔥","")&INDEX(Расчёт!$K:$K,Расчёт!$B$2)&IF(INDEX(Расчёт!$R:$R,Расчёт!$B$2)<=1,"🛡",""))))) | E5: =IF('Старт'!$B$15="","",IF(Расчёт!$B$2=0,"",IF(IF('Старт'!$F$15="",7,'Старт'!$F$15)<7,"ок",IF(INDEX(Расчёт!$L:$L,Расчёт!$B$2)=0,IF(AND(INDEX(Расчёт!$S:$S,Расчёт!$B$2)>1,$J$42>=3),"верни",""),IF(INDEX(Расчёт!$L:$L,Расчёт!$B$2)>=3,"🔥","")&INDEX(Расчёт!$L:$L,Расчёт!$B$2)&IF(INDEX(Расчёт!$S:$S,Расчёт!$B$2)<=1,"🛡",""))))) | F5: =IF('Старт'!$B$16="","",IF(Расчёт!$B$2=0,"",IF(IF('Старт'!$F$16="",7,'Старт'!$F$16)<7,"ок",IF(INDEX(Расчёт!$M:$M,Расчёт!$B$2)=0,IF(AND(INDEX(Расчёт!$T:$T,Расчёт!$B$2)>1,$J$43>=3),"верни",""),IF(INDEX(Расчёт!$M:$M,Расчёт!$B$2)>=3,"🔥","")&INDEX(Расчёт!$M:$M,Расчёт!$B$2)&IF(INDEX(Расчёт!$T:$T,Расчёт!$B$2)<=1,"🛡",""))))) | G5: =IF('Старт'!$B$17="","",IF(Расчёт!$B$2=0,"",IF(IF('Старт'!$F$17="",7,'Старт'!$F$17)<7,"ок",IF(INDEX(Расчёт!$N:$N,Расчёт!$B$2)=0,IF(AND(INDEX(Расчёт!$U:$U,Расчёт!$B$2)>1,$J$44>=3),"верни",""),IF(INDEX(Расчёт!$N:$N,Расчёт!$B$2)>=3,"🔥","")&INDEX(Расчёт!$N:$N,Расчёт!$B$2)&IF(INDEX(Расчёт!$U:$U,Расчёт!$B$2)<=1,"🛡",""))))) | H5: =IF('Старт'!$B$18="","",IF(Расчёт!$B$2=0,"",IF(IF('Старт'!$F$18="",7,'Старт'!$F$18)<7,"ок",IF(INDEX(Расчёт!$O:$O,Расчёт!$B$2)=0,IF(AND(INDEX(Расчёт!$V:$V,Расчёт!$B$2)>1,$J$45>=3),"верни",""),IF(INDEX(Расчёт!$O:$O,Расчёт!$B$2)>=3,"🔥","")&INDEX(Расчёт!$O:$O,Расчёт!$B$2)&IF(INDEX(Расчёт!$V:$V,Расчёт!$B$2)<=1,"🛡",""))))) | I5: =Расчёт!$B$3 | J5: =IF(AND(YEAR(Расчёт!$B$1)=2026,MONTH(Расчёт!$B$1)=3),5+DAY(Расчёт!$B$1),0) | K5: =IF(WEEKDAY(Расчёт!$B$1,2)>=6,1,0) | L5: =Расчёт!$B$2
A6: =IF(Расчёт!$A$70=0,"Вс 1","Вс 1"&CHAR(10)&Расчёт!$W$70&"/"&$I$5) | B6: FALSE | C6: FALSE | D6: FALSE | E6: FALSE | F6: FALSE | G6: FALSE | H6: FALSE
A7: =IF(Расчёт!$A$71=0,"Пн 2","Пн 2"&CHAR(10)&Расчёт!$W$71&"/"&$I$5) | B7: FALSE | C7: FALSE | D7: FALSE | E7: FALSE | F7: FALSE | G7: FALSE | H7: FALSE
A8: =IF(Расчёт!$A$72=0,"Вт 3","Вт 3"&CHAR(10)&Расчёт!$W$72&"/"&$I$5) | B8: FALSE | C8: FALSE | D8: FALSE | E8: FALSE | F8: FALSE | G8: FALSE | H8: FALSE
A9: =IF(Расчёт!$A$73=0,"Ср 4","Ср 4"&CHAR(10)&Расчёт!$W$73&"/"&$I$5) | B9: FALSE | C9: FALSE | D9: FALSE | E9: FALSE | F9: FALSE | G9: FALSE | H9: FALSE
A10: =IF(Расчёт!$A$74=0,"Чт 5","Чт 5"&CHAR(10)&Расчёт!$W$74&"/"&$I$5) | B10: FALSE | C10: FALSE | D10: FALSE | E10: FALSE | F10: FALSE | G10: FALSE | H10: FALSE
A11: =IF(Расчёт!$A$75=0,"Пт 6","Пт 6"&CHAR(10)&Расчёт!$W$75&"/"&$I$5) | B11: FALSE | C11: FALSE | D11: FALSE | E11: FALSE | F11: FALSE | G11: FALSE | H11: FALSE
A12: =IF(Расчёт!$A$76=0,"Сб 7","Сб 7"&CHAR(10)&Расчёт!$W$76&"/"&$I$5) | B12: FALSE | C12: FALSE | D12: FALSE | E12: FALSE | F12: FALSE | G12: FALSE | H12: FALSE
A13: =IF(Расчёт!$A$77=0,"Вс 8","Вс 8"&CHAR(10)&Расчёт!$W$77&"/"&$I$5) | B13: FALSE | C13: FALSE | D13: FALSE | E13: FALSE | F13: FALSE | G13: FALSE | H13: FALSE
A14: =IF(Расчёт!$A$78=0,"Пн 9","Пн 9"&CHAR(10)&Расчёт!$W$78&"/"&$I$5) | B14: FALSE | C14: FALSE | D14: FALSE | E14: FALSE | F14: FALSE | G14: FALSE | H14: FALSE
A15: =IF(Расчёт!$A$79=0,"Вт 10","Вт 10"&CHAR(10)&Расчёт!$W$79&"/"&$I$5) | B15: FALSE | C15: FALSE | D15: FALSE | E15: FALSE | F15: FALSE | G15: FALSE | H15: FALSE
A16: =IF(Расчёт!$A$80=0,"Ср 11","Ср 11"&CHAR(10)&Расчёт!$W$80&"/"&$I$5) | B16: FALSE | C16: FALSE | D16: FALSE | E16: FALSE | F16: FALSE | G16: FALSE | H16: FALSE
A17: =IF(Расчёт!$A$81=0,"Чт 12","Чт 12"&CHAR(10)&Расчёт!$W$81&"/"&$I$5) | B17: FALSE | C17: FALSE | D17: FALSE | E17: FALSE | F17: FALSE | G17: FALSE | H17: FALSE
A18: =IF(Расчёт!$A$82=0,"Пт 13","Пт 13"&CHAR(10)&Расчёт!$W$82&"/"&$I$5) | B18: FALSE | C18: FALSE | D18: FALSE | E18: FALSE | F18: FALSE | G18: FALSE | H18: FALSE
A19: =IF(Расчёт!$A$83=0,"Сб 14","Сб 14"&CHAR(10)&Расчёт!$W$83&"/"&$I$5) | B19: FALSE | C19: FALSE | D19: FALSE | E19: FALSE | F19: FALSE | G19: FALSE | H19: FALSE
A20: =IF(Расчёт!$A$84=0,"Вс 15","Вс 15"&CHAR(10)&Расчёт!$W$84&"/"&$I$5) | B20: FALSE | C20: FALSE | D20: FALSE | E20: FALSE | F20: FALSE | G20: FALSE | H20: FALSE
A21: =IF(Расчёт!$A$85=0,"Пн 16","Пн 16"&CHAR(10)&Расчёт!$W$85&"/"&$I$5) | B21: FALSE | C21: FALSE | D21: FALSE | E21: FALSE | F21: FALSE | G21: FALSE | H21: FALSE
A22: =IF(Расчёт!$A$86=0,"Вт 17","Вт 17"&CHAR(10)&Расчёт!$W$86&"/"&$I$5) | B22: FALSE | C22: FALSE | D22: FALSE | E22: FALSE | F22: FALSE | G22: FALSE | H22: FALSE
A23: =IF(Расчёт!$A$87=0,"Ср 18","Ср 18"&CHAR(10)&Расчёт!$W$87&"/"&$I$5) | B23: FALSE | C23: FALSE | D23: FALSE | E23: FALSE | F23: FALSE | G23: FALSE | H23: FALSE
A24: =IF(Расчёт!$A$88=0,"Чт 19","Чт 19"&CHAR(10)&Расчёт!$W$88&"/"&$I$5) | B24: FALSE | C24: FALSE | D24: FALSE | E24: FALSE | F24: FALSE | G24: FALSE | H24: FALSE
A25: =IF(Расчёт!$A$89=0,"Пт 20","Пт 20"&CHAR(10)&Расчёт!$W$89&"/"&$I$5) | B25: FALSE | C25: FALSE | D25: FALSE | E25: FALSE | F25: FALSE | G25: FALSE | H25: FALSE
A26: =IF(Расчёт!$A$90=0,"Сб 21","Сб 21"&CHAR(10)&Расчёт!$W$90&"/"&$I$5) | B26: FALSE | C26: FALSE | D26: FALSE | E26: FALSE | F26: FALSE | G26: FALSE | H26: FALSE
A27: =IF(Расчёт!$A$91=0,"Вс 22","Вс 22"&CHAR(10)&Расчёт!$W$91&"/"&$I$5) | B27: FALSE | C27: FALSE | D27: FALSE | E27: FALSE | F27: FALSE | G27: FALSE | H27: FALSE
A28: =IF(Расчёт!$A$92=0,"Пн 23","Пн 23"&CHAR(10)&Расчёт!$W$92&"/"&$I$5) | B28: FALSE | C28: FALSE | D28: FALSE | E28: FALSE | F28: FALSE | G28: FALSE | H28: FALSE
A29: =IF(Расчёт!$A$93=0,"Вт 24","Вт 24"&CHAR(10)&Расчёт!$W$93&"/"&$I$5) | B29: FALSE | C29: FALSE | D29: FALSE | E29: FALSE | F29: FALSE | G29: FALSE | H29: FALSE
A30: =IF(Расчёт!$A$94=0,"Ср 25","Ср 25"&CHAR(10)&Расчёт!$W$94&"/"&$I$5) | B30: FALSE | C30: FALSE | D30: FALSE | E30: FALSE | F30: FALSE | G30: FALSE | H30: FALSE
A31: =IF(Расчёт!$A$95=0,"Чт 26","Чт 26"&CHAR(10)&Расчёт!$W$95&"/"&$I$5) | B31: FALSE | C31: FALSE | D31: FALSE | E31: FALSE | F31: FALSE | G31: FALSE | H31: FALSE
A32: =IF(Расчёт!$A$96=0,"Пт 27","Пт 27"&CHAR(10)&Расчёт!$W$96&"/"&$I$5) | B32: FALSE | C32: FALSE | D32: FALSE | E32: FALSE | F32: FALSE | G32: FALSE | H32: FALSE
A33: =IF(Расчёт!$A$97=0,"Сб 28","Сб 28"&CHAR(10)&Расчёт!$W$97&"/"&$I$5) | B33: FALSE | C33: FALSE | D33: FALSE | E33: FALSE | F33: FALSE | G33: FALSE | H33: FALSE
A34: =IF(Расчёт!$A$98=0,"Вс 29","Вс 29"&CHAR(10)&Расчёт!$W$98&"/"&$I$5) | B34: FALSE | C34: FALSE | D34: FALSE | E34: FALSE | F34: FALSE | G34: FALSE | H34: FALSE
A35: =IF(Расчёт!$A$99=0,"Пн 30","Пн 30"&CHAR(10)&Расчёт!$W$99&"/"&$I$5) | B35: FALSE | C35: FALSE | D35: FALSE | E35: FALSE | F35: FALSE | G35: FALSE | H35: FALSE
A36: =IF(Расчёт!$A$100=0,"Вт 31","Вт 31"&CHAR(10)&Расчёт!$W$100&"/"&$I$5) | B36: FALSE | C36: FALSE | D36: FALSE | E36: FALSE | F36: FALSE | G36: FALSE | H36: FALSE
A38: МОИ ПРИВЫЧКИ
A39: =IF('Старт'!$B$12="","",'Старт'!$A$12&" "&'Старт'!$B$12) | G39: =IF('Старт'!$B$12="","",SUM(Расчёт!$B$70:$B$100)&" из "&ROUND(IF('Старт'!$F$12="",7,'Старт'!$F$12)*31/7,0)) | I39: =IF('Старт'!$B$12="","",IF(Расчёт!$B$2=0,"",IF(IF('Старт'!$F$12="",7,'Старт'!$F$12)<7,"ок",IF(INDEX(Расчёт!$I:$I,Расчёт!$B$2)=0,IF(AND(INDEX(Расчёт!$P:$P,Расчёт!$B$2)>1,$J$39>=3),"верни",""),IF(INDEX(Расчёт!$I:$I,Расчёт!$B$2)>=3,"🔥","")&INDEX(Расчёт!$I:$I,Расчёт!$B$2)&IF(INDEX(Расчёт!$P:$P,Расчёт!$B$2)<=1,"🛡",""))))) | J39: =IF('Старт'!$B$12="","",MAX(Расчёт!$I$70:$I$100)) | K39: =IF(OR('Старт'!$B$12="",Расчёт!$C$381=0),"",MIN(1,SUM(Расчёт!$B$70:$B$100)/MAX(1,ROUND(IF('Старт'!$F$12="",7,'Старт'!$F$12)*31/7,0)*Расчёт!$C$381/31))) | L39: =IF($K$39="","",SPARKLINE($K$39,{"charttype","bar";"max",1;"color1","#22A35E";"color2","#262B38"}))
A40: =IF('Старт'!$B$13="","",'Старт'!$A$13&" "&'Старт'!$B$13) | G40: =IF('Старт'!$B$13="","",SUM(Расчёт!$C$70:$C$100)&" из "&ROUND(IF('Старт'!$F$13="",7,'Старт'!$F$13)*31/7,0)) | I40: =IF('Старт'!$B$13="","",IF(Расчёт!$B$2=0,"",IF(IF('Старт'!$F$13="",7,'Старт'!$F$13)<7,"ок",IF(INDEX(Расчёт!$J:$J,Расчёт!$B$2)=0,IF(AND(INDEX(Расчёт!$Q:$Q,Расчёт!$B$2)>1,$J$40>=3),"верни",""),IF(INDEX(Расчёт!$J:$J,Расчёт!$B$2)>=3,"🔥","")&INDEX(Расчёт!$J:$J,Расчёт!$B$2)&IF(INDEX(Расчёт!$Q:$Q,Расчёт!$B$2)<=1,"🛡",""))))) | J40: =IF('Старт'!$B$13="","",MAX(Расчёт!$J$70:$J$100)) | K40: =IF(OR('Старт'!$B$13="",Расчёт!$C$381=0),"",MIN(1,SUM(Расчёт!$C$70:$C$100)/MAX(1,ROUND(IF('Старт'!$F$13="",7,'Старт'!$F$13)*31/7,0)*Расчёт!$C$381/31))) | L40: =IF($K$40="","",SPARKLINE($K$40,{"charttype","bar";"max",1;"color1","#22A35E";"color2","#262B38"}))
A41: =IF('Старт'!$B$14="","",'Старт'!$A$14&" "&'Старт'!$B$14) | G41: =IF('Старт'!$B$14="","",SUM(Расчёт!$D$70:$D$100)&" из "&ROUND(IF('Старт'!$F$14="",7,'Старт'!$F$14)*31/7,0)) | I41: =IF('Старт'!$B$14="","",IF(Расчёт!$B$2=0,"",IF(IF('Старт'!$F$14="",7,'Старт'!$F$14)<7,"ок",IF(INDEX(Расчёт!$K:$K,Расчёт!$B$2)=0,IF(AND(INDEX(Расчёт!$R:$R,Расчёт!$B$2)>1,$J$41>=3),"верни",""),IF(INDEX(Расчёт!$K:$K,Расчёт!$B$2)>=3,"🔥","")&INDEX(Расчёт!$K:$K,Расчёт!$B$2)&IF(INDEX(Расчёт!$R:$R,Расчёт!$B$2)<=1,"🛡",""))))) | J41: =IF('Старт'!$B$14="","",MAX(Расчёт!$K$70:$K$100)) | K41: =IF(OR('Старт'!$B$14="",Расчёт!$C$381=0),"",MIN(1,SUM(Расчёт!$D$70:$D$100)/MAX(1,ROUND(IF('Старт'!$F$14="",7,'Старт'!$F$14)*31/7,0)*Расчёт!$C$381/31))) | L41: =IF($K$41="","",SPARKLINE($K$41,{"charttype","bar";"max",1;"color1","#22A35E";"color2","#262B38"}))
A42: =IF('Старт'!$B$15="","",'Старт'!$A$15&" "&'Старт'!$B$15) | G42: =IF('Старт'!$B$15="","",SUM(Расчёт!$E$70:$E$100)&" из "&ROUND(IF('Старт'!$F$15="",7,'Старт'!$F$15)*31/7,0)) | I42: =IF('Старт'!$B$15="","",IF(Расчёт!$B$2=0,"",IF(IF('Старт'!$F$15="",7,'Старт'!$F$15)<7,"ок",IF(INDEX(Расчёт!$L:$L,Расчёт!$B$2)=0,IF(AND(INDEX(Расчёт!$S:$S,Расчёт!$B$2)>1,$J$42>=3),"верни",""),IF(INDEX(Расчёт!$L:$L,Расчёт!$B$2)>=3,"🔥","")&INDEX(Расчёт!$L:$L,Расчёт!$B$2)&IF(INDEX(Расчёт!$S:$S,Расчёт!$B$2)<=1,"🛡",""))))) | J42: =IF('Старт'!$B$15="","",MAX(Расчёт!$L$70:$L$100)) | K42: =IF(OR('Старт'!$B$15="",Расчёт!$C$381=0),"",MIN(1,SUM(Расчёт!$E$70:$E$100)/MAX(1,ROUND(IF('Старт'!$F$15="",7,'Старт'!$F$15)*31/7,0)*Расчёт!$C$381/31))) | L42: =IF($K$42="","",SPARKLINE($K$42,{"charttype","bar";"max",1;"color1","#22A35E";"color2","#262B38"}))
A43: =IF('Старт'!$B$16="","",'Старт'!$A$16&" "&'Старт'!$B$16) | G43: =IF('Старт'!$B$16="","",SUM(Расчёт!$F$70:$F$100)&" из "&ROUND(IF('Старт'!$F$16="",7,'Старт'!$F$16)*31/7,0)) | I43: =IF('Старт'!$B$16="","",IF(Расчёт!$B$2=0,"",IF(IF('Старт'!$F$16="",7,'Старт'!$F$16)<7,"ок",IF(INDEX(Расчёт!$M:$M,Расчёт!$B$2)=0,IF(AND(INDEX(Расчёт!$T:$T,Расчёт!$B$2)>1,$J$43>=3),"верни",""),IF(INDEX(Расчёт!$M:$M,Расчёт!$B$2)>=3,"🔥","")&INDEX(Расчёт!$M:$M,Расчёт!$B$2)&IF(INDEX(Расчёт!$T:$T,Расчёт!$B$2)<=1,"🛡",""))))) | J43: =IF('Старт'!$B$16="","",MAX(Расчёт!$M$70:$M$100)) | K43: =IF(OR('Старт'!$B$16="",Расчёт!$C$381=0),"",MIN(1,SUM(Расчёт!$F$70:$F$100)/MAX(1,ROUND(IF('Старт'!$F$16="",7,'Старт'!$F$16)*31/7,0)*Расчёт!$C$381/31))) | L43: =IF($K$43="","",SPARKLINE($K$43,{"charttype","bar";"max",1;"color1","#22A35E";"color2","#262B38"}))
A44: =IF('Старт'!$B$17="","",'Старт'!$A$17&" "&'Старт'!$B$17) | G44: =IF('Старт'!$B$17="","",SUM(Расчёт!$G$70:$G$100)&" из "&ROUND(IF('Старт'!$F$17="",7,'Старт'!$F$17)*31/7,0)) | I44: =IF('Старт'!$B$17="","",IF(Расчёт!$B$2=0,"",IF(IF('Старт'!$F$17="",7,'Старт'!$F$17)<7,"ок",IF(INDEX(Расчёт!$N:$N,Расчёт!$B$2)=0,IF(AND(INDEX(Расчёт!$U:$U,Расчёт!$B$2)>1,$J$44>=3),"верни",""),IF(INDEX(Расчёт!$N:$N,Расчёт!$B$2)>=3,"🔥","")&INDEX(Расчёт!$N:$N,Расчёт!$B$2)&IF(INDEX(Расчёт!$U:$U,Расчёт!$B$2)<=1,"🛡",""))))) | J44: =IF('Старт'!$B$17="","",MAX(Расчёт!$N$70:$N$100)) | K44: =IF(OR('Старт'!$B$17="",Расчёт!$C$381=0),"",MIN(1,SUM(Расчёт!$G$70:$G$100)/MAX(1,ROUND(IF('Старт'!$F$17="",7,'Старт'!$F$17)*31/7,0)*Расчёт!$C$381/31))) | L44: =IF($K$44="","",SPARKLINE($K$44,{"charttype","bar";"max",1;"color1","#22A35E";"color2","#262B38"}))
A45: =IF('Старт'!$B$18="","",'Старт'!$A$18&" "&'Старт'!$B$18) | G45: =IF('Старт'!$B$18="","",SUM(Расчёт!$H$70:$H$100)&" из "&ROUND(IF('Старт'!$F$18="",7,'Старт'!$F$18)*31/7,0)) | I45: =IF('Старт'!$B$18="","",IF(Расчёт!$B$2=0,"",IF(IF('Старт'!$F$18="",7,'Старт'!$F$18)<7,"ок",IF(INDEX(Расчёт!$O:$O,Расчёт!$B$2)=0,IF(AND(INDEX(Расчёт!$V:$V,Расчёт!$B$2)>1,$J$45>=3),"верни",""),IF(INDEX(Расчёт!$O:$O,Расчёт!$B$2)>=3,"🔥","")&INDEX(Расчёт!$O:$O,Расчёт!$B$2)&IF(INDEX(Расчёт!$V:$V,Расчёт!$B$2)<=1,"🛡",""))))) | J45: =IF('Старт'!$B$18="","",MAX(Расчёт!$O$70:$O$100)) | K45: =IF(OR('Старт'!$B$18="",Расчёт!$C$381=0),"",MIN(1,SUM(Расчёт!$H$70:$H$100)/MAX(1,ROUND(IF('Старт'!$F$18="",7,'Старт'!$F$18)*31/7,0)*Расчёт!$C$381/31))) | L45: =IF($K$45="","",SPARKLINE($K$45,{"charttype","bar";"max",1;"color1","#22A35E";"color2","#262B38"}))
A47: ЦЕЛИ МЕСЯЦА
A48: FALSE
A49: FALSE
A50: FALSE
A52: НЕДЕЛЯ
A53: =IF(Расчёт!$H$406=0,"Первая неделя закроется в воскресенье","Неделя · "&Расчёт!$G$406&" из "&Расчёт!$H$406&IF(Расчёт!$I$406=0,""," · прошлая "&ROUND(MIN(1,Расчёт!$I$406/MAX(1,Расчёт!$H$405))*100,0)&" %"))
A54: =IF(OR(Расчёт!$D$406=0,Расчёт!$H$406=0),"","Просело: "&INDEX('Старт'!$E$12:$E$18,MAX(1,Расчёт!$D$406))&" — "&IF(INDEX('Старт'!$B$20:$B$26,MAX(1,Расчёт!$D$406))="","подтяни на этой неделе",INDEX('Старт'!$B$20:$B$26,MAX(1,Расчёт!$D$406))))
A55: =IF(Расчёт!$C$381=0,"Первая галочка — и месяц пошёл","Полных дней: "&Расчёт!$G$381&" · опыт за месяц: "&Расчёт!$I$381)
A56: =IF(Расчёт!$D$406=0,"Испытание появится в воскресенье","Испытание: "&INDEX('Старт'!$E$12:$E$18,MAX(1,Расчёт!$D$406))&" "&Расчёт!$E$406&" из 5"&IF(Расчёт!$F$406=1," ✓",""))
A57: ="Что мешало — и когда и где сделаю иначе?"
A58: Нед 1
A59: Нед 2
A60: Нед 3
A61: Нед 4
A62: Нед 5
A63: =SPARKLINE(Расчёт!$W$70:$W$100,{"charttype","column";"color","#22A35E";"empty","zero"})

Sheet Апр
A1: ="АПР 2026" | F1: =IF(Расчёт!$C$382=0,"Не идеально, а регулярно",ROUND(Расчёт!$F$382*100,0)&" % · "&Расчёт!$B$6&" "&Расчёт!$B$5)
A2: =IF(OR(Расчёт!$B$2=0,Расчёт!$B$4=0),"Не идеально, а регулярно",IF(INDEX(Расчёт!$AA:$AA,Расчёт!$B$2)>0,"Награда «Возвращение» · +15 опыта",IF(MAX(IF(AND('Старт'!$B$12<>"",IF('Старт'!$F$12="",7,'Старт'!$F$12)=7,INDEX(Расчёт!$I:$I,Расчёт!$B$2)=0,INDEX(Расчёт!$P:$P,Расчёт!$B$2)>1,N($J$39)>=3),1,0),IF(AND('Старт'!$B$13<>"",IF('Старт'!$F$13="",7,'Старт'!$F$13)=7,INDEX(Расчёт!$J:$J,Расчёт!$B$2)=0,INDEX(Расчёт!$Q:$Q,Расчёт!$B$2)>1,N($J$40)>=3),2,0),IF(AND('Старт'!$B$14<>"",IF('Старт'!$F$14="",7,'Старт'!$F$14)=7,INDEX(Расчёт!$K:$K,Расчёт!$B$2)=0,INDEX(Расчёт!$R:$R,Расчёт!$B$2)>1,N($J$41)>=3),3,0),IF(AND('Старт'!$B$15<>"",IF('Старт'!$F$15="",7,'Старт'!$F$15)=7,INDEX(Расчёт!$L:$L,Расчёт!$B$2)=0,INDEX(Расчёт!$S:$S,Расчёт!$B$2)>1,N($J$42)>=3),4,0),IF(AND('Старт'!$B$16<>"",IF('Старт'!$F$16="",7,'Старт'!$F$16)=7,INDEX(Расчёт!$M:$M,Расчёт!$B$2)=0,INDEX(Расчёт!$T:$T,Расчёт!$B$2)>1,N($J$43)>=3),5,0),IF(AND('Старт'!$B$17<>"",IF('Старт'!$F$17="",7,'Старт'!$F$17)=7,INDEX(Расчёт!$N:$N,Расчёт!$B$2)=0,INDEX(Расчёт!$U:$U,Расчёт!$B$2)>1,N($J$44)>=3),6,0),IF(AND('Старт'!$B$18<>"",IF('Старт'!$F$18="",7,'Старт'!$F$18)=7,INDEX(Расчёт!$O:$O,Расчёт!$B$2)=0,INDEX(Расчёт!$V:$V,Расчёт!$B$2)>1,N($J$45)>=3),7,0))>0,"Верни «"&INDEX('Старт'!$E$12:$E$18,MAX(1,MAX(IF(AND('Старт'!$B$12<>"",IF('Старт'!$F$12="",7,'Старт'!$F$12)=7,INDEX(Расчёт!$I:$I,Расчёт!$B$2)=0,INDEX(Расчёт!$P:$P,Расчёт!$B$2)>1,N($J$39)>=3),1,0),IF(AND('Старт'!$B$13<>"",IF('Старт'!$F$13="",7,'Старт'!$F$13)=7,INDEX(Расчёт!$J:$J,Расчёт!$B$2)=0,INDEX(Расчёт!$Q:$Q,Расчёт!$B$2)>1,N($J$40)>=3),2,0),IF(AND('Старт'!$B$14<>"",IF('Старт'!$F$14="",7,'Старт'!$F$14)=7,INDEX(Расчёт!$K:$K,Расчёт!$B$2)=0,INDEX(Расчёт!$R:$R,Расчёт!$B$2)>1,N($J$41)>=3),3,0),IF(AND('Старт'!$B$15<>"",IF('Старт'!$F$15="",7,'Старт'!$F$15)=7,INDEX(Расчёт!$L:$L,Расчёт!$B$2)=0,INDEX(Расчёт!$S:$S,Расчёт!$B$2)>1,N($J$42)>=3),4,0),IF(AND('Старт'!$B$16<>"",IF('Старт'!$F$16="",7,'Старт'!$F$16)=7,INDEX(Расчёт!$M:$M,Расчёт!$B$2)=0,INDEX(Расчёт!$T:$T,Расчёт!$B$2)>1,N($J$43)>=3),5,0),IF(AND('Старт'!$B$17<>"",IF('Старт'!$F$17="",7,'Старт'!$F$17)=7,INDEX(Расчёт!$N:$N,Расчёт!$B$2)=0,INDEX(Расчёт!$U:$U,Расчёт!$B$2)>1,N($J$44)>=3),6,0),IF(AND('Старт'!$B$18<>"",IF('Старт'!$F$18="",7,'Старт'!$F$18)=7,INDEX(Расчёт!$O:$O,Расчёт!$B$2)=0,INDEX(Расчёт!$V:$V,Расчёт!$B$2)>1,N($J$45)>=3),7,0))))&"» сегодня"&IF(INDEX('Старт'!$B$20:$B$26,MAX(1,MAX(IF(AND('Старт'!$B$12<>"",IF('Старт'!$F$12="",7,'Старт'!$F$12)=7,INDEX(Расчёт!$I:$I,Расчёт!$B$2)=0,INDEX(Расчёт!$P:$P,Расчёт!$B$2)>1,N($J$39)>=3),1,0),IF(AND('Старт'!$B$13<>"",IF('Старт'!$F$13="",7,'Старт'!$F$13)=7,INDEX(Расчёт!$J:$J,Расчёт!$B$2)=0,INDEX(Расчёт!$Q:$Q,Расчёт!$B$2)>1,N($J$40)>=3),2,0),IF(AND('Старт'!$B$14<>"",IF('Старт'!$F$14="",7,'Старт'!$F$14)=7,INDEX(Расчёт!$K:$K,Расчёт!$B$2)=0,INDEX(Расчёт!$R:$R,Расчёт!$B$2)>1,N($J$41)>=3),3,0),IF(AND('Старт'!$B$15<>"",IF('Старт'!$F$15="",7,'Старт'!$F$15)=7,INDEX(Расчёт!$L:$L,Расчёт!$B$2)=0,INDEX(Расчёт!$S:$S,Расчёт!$B$2)>1,N($J$42)>=3),4,0),IF(AND('Старт'!$B$16<>"",IF('Старт'!$F$16="",7,'Старт'!$F$16)=7,INDEX(Расчёт!$M:$M,Расчёт!$B$2)=0,INDEX(Расчёт!$T:$T,Расчёт!$B$2)>1,N($J$43)>=3),5,0),IF(AND('Старт'!$B$17<>"",IF('Старт'!$F$17="",7,'Старт'!$F$17)=7,INDEX(Расчёт!$N:$N,Расчёт!$B$2)=0,INDEX(Расчёт!$U:$U,Расчёт!$B$2)>1,N($J$44)>=3),6,0),IF(AND('Старт'!$B$18<>"",IF('Старт'!$F$18="",7,'Старт'!$F$18)=7,INDEX(Расчёт!$O:$O,Расчёт!$B$2)=0,INDEX(Расчёт!$V:$V,Расчёт!$B$2)>1,N($J$45)>=3),7,0))))="",""," — "&INDEX('Старт'!$B$20:$B$26,MAX(1,MAX(IF(AND('Старт'!$B$12<>"",IF('Старт'!$F$12="",7,'Старт'!$F$12)=7,INDEX(Расчёт!$I:$I,Расчёт!$B$2)=0,INDEX(Расчёт!$P:$P,Расчёт!$B$2)>1,N($J$39)>=3),1,0),IF(AND('Старт'!$B$13<>"",IF('Старт'!$F$13="",7,'Старт'!$F$13)=7,INDEX(Расчёт!$J:$J,Расчёт!$B$2)=0,INDEX(Расчёт!$Q:$Q,Расчёт!$B$2)>1,N($J$40)>=3),2,0),IF(AND('Старт'!$B$14<>"",IF('Старт'!$F$14="",7,'Старт'!$F$14)=7,INDEX(Расчёт!$K:$K,Расчёт!$B$2)=0,INDEX(Расчёт!$R:$R,Расчёт!$B$2)>1,N($J$41)>=3),3,0),IF(AND('Старт'!$B$15<>"",IF('Старт'!$F$15="",7,'Старт'!$F$15)=7,INDEX(Расчёт!$L:$L,Расчёт!$B$2)=0,INDEX(Расчёт!$S:$S,Расчёт!$B$2)>1,N($J$42)>=3),4,0),IF(AND('Старт'!$B$16<>"",IF('Старт'!$F$16="",7,'Старт'!$F$16)=7,INDEX(Расчёт!$M:$M,Расчёт!$B$2)=0,INDEX(Расчёт!$T:$T,Расчёт!$B$2)>1,N($J$43)>=3),5,0),IF(AND('Старт'!$B$17<>"",IF('Старт'!$F$17="",7,'Старт'!$F$17)=7,INDEX(Расчёт!$N:$N,Расчёт!$B$2)=0,INDEX(Расчёт!$U:$U,Расчёт!$B$2)>1,N($J$44)>=3),6,0),IF(AND('Старт'!$B$18<>"",IF('Старт'!$F$18="",7,'Старт'!$F$18)=7,INDEX(Расчёт!$O:$O,Расчёт!$B$2)=0,INDEX(Расчёт!$V:$V,Расчёт!$B$2)>1,N($J$45)>=3),7,0))))),IF(Расчёт!$F$410=1,"Испытание закрыто · +100 опыта","Уровень "&Расчёт!$B$5&" · "&Расчёт!$B$6))))
B3: =IF('Старт'!$B$12="","",'Старт'!$A$12) | C3: =IF('Старт'!$B$13="","",'Старт'!$A$13) | D3: =IF('Старт'!$B$14="","",'Старт'!$A$14) | E3: =IF('Старт'!$B$15="","",'Старт'!$A$15) | F3: =IF('Старт'!$B$16="","",'Старт'!$A$16) | G3: =IF('Старт'!$B$17="","",'Старт'!$A$17) | H3: =IF('Старт'!$B$18="","",'Старт'!$A$18)
B4: =IF('Старт'!$B$12="","",'Старт'!$E$12) | C4: =IF('Старт'!$B$13="","",'Старт'!$E$13) | D4: =IF('Старт'!$B$14="","",'Старт'!$E$14) | E4: =IF('Старт'!$B$15="","",'Старт'!$E$15) | F4: =IF('Старт'!$B$16="","",'Старт'!$E$16) | G4: =IF('Старт'!$B$17="","",'Старт'!$E$17) | H4: =IF('Старт'!$B$18="","",'Старт'!$E$18)
B5: =IF('Старт'!$B$12="","",IF(Расчёт!$B$2=0,"",IF(IF('Старт'!$F$12="",7,'Старт'!$F$12)<7,"ок",IF(INDEX(Расчёт!$I:$I,Расчёт!$B$2)=0,IF(AND(INDEX(Расчёт!$P:$P,Расчёт!$B$2)>1,$J$39>=3),"верни",""),IF(INDEX(Расчёт!$I:$I,Расчёт!$B$2)>=3,"🔥","")&INDEX(Расчёт!$I:$I,Расчёт!$B$2)&IF(INDEX(Расчёт!$P:$P,Расчёт!$B$2)<=1,"🛡",""))))) | C5: =IF('Старт'!$B$13="","",IF(Расчёт!$B$2=0,"",IF(IF('Старт'!$F$13="",7,'Старт'!$F$13)<7,"ок",IF(INDEX(Расчёт!$J:$J,Расчёт!$B$2)=0,IF(AND(INDEX(Расчёт!$Q:$Q,Расчёт!$B$2)>1,$J$40>=3),"верни",""),IF(INDEX(Расчёт!$J:$J,Расчёт!$B$2)>=3,"🔥","")&INDEX(Расчёт!$J:$J,Расчёт!$B$2)&IF(INDEX(Расчёт!$Q:$Q,Расчёт!$B$2)<=1,"🛡",""))))) | D5: =IF('Старт'!$B$14="","",IF(Расчёт!$B$2=0,"",IF(IF('Старт'!$F$14="",7,'Старт'!$F$14)<7,"ок",IF(INDEX(Расчёт!$K:$K,Расчёт!$B$2)=0,IF(AND(INDEX(Расчёт!$R:$R,Расчёт!$B$2)>1,$J$41>=3),"верни",""),IF(INDEX(Расчёт!$K:$K,Расчёт!$B$2)>=3,"🔥","")&INDEX(Расчёт!$K:$K,Расчёт!$B$2)&IF(INDEX(Расчёт!$R:$R,Расчёт!$B$2)<=1,"🛡",""))))) | E5: =IF('Старт'!$B$15="","",IF(Расчёт!$B$2=0,"",IF(IF('Старт'!$F$15="",7,'Старт'!$F$15)<7,"ок",IF(INDEX(Расчёт!$L:$L,Расчёт!$B$2)=0,IF(AND(INDEX(Расчёт!$S:$S,Расчёт!$B$2)>1,$J$42>=3),"верни",""),IF(INDEX(Расчёт!$L:$L,Расчёт!$B$2)>=3,"🔥","")&INDEX(Расчёт!$L:$L,Расчёт!$B$2)&IF(INDEX(Расчёт!$S:$S,Расчёт!$B$2)<=1,"🛡",""))))) | F5: =IF('Старт'!$B$16="","",IF(Расчёт!$B$2=0,"",IF(IF('Старт'!$F$16="",7,'Старт'!$F$16)<7,"ок",IF(INDEX(Расчёт!$M:$M,Расчёт!$B$2)=0,IF(AND(INDEX(Расчёт!$T:$T,Расчёт!$B$2)>1,$J$43>=3),"верни",""),IF(INDEX(Расчёт!$M:$M,Расчёт!$B$2)>=3,"🔥","")&INDEX(Расчёт!$M:$M,Расчёт!$B$2)&IF(INDEX(Расчёт!$T:$T,Расчёт!$B$2)<=1,"🛡",""))))) | G5: =IF('Старт'!$B$17="","",IF(Расчёт!$B$2=0,"",IF(IF('Старт'!$F$17="",7,'Старт'!$F$17)<7,"ок",IF(INDEX(Расчёт!$N:$N,Расчёт!$B$2)=0,IF(AND(INDEX(Расчёт!$U:$U,Расчёт!$B$2)>1,$J$44>=3),"верни",""),IF(INDEX(Расчёт!$N:$N,Расчёт!$B$2)>=3,"🔥","")&INDEX(Расчёт!$N:$N,Расчёт!$B$2)&IF(INDEX(Расчёт!$U:$U,Расчёт!$B$2)<=1,"🛡",""))))) | H5: =IF('Старт'!$B$18="","",IF(Расчёт!$B$2=0,"",IF(IF('Старт'!$F$18="",7,'Старт'!$F$18)<7,"ок",IF(INDEX(Расчёт!$O:$O,Расчёт!$B$2)=0,IF(AND(INDEX(Расчёт!$V:$V,Расчёт!$B$2)>1,$J$45>=3),"верни",""),IF(INDEX(Расчёт!$O:$O,Расчёт!$B$2)>=3,"🔥","")&INDEX(Расчёт!$O:$O,Расчёт!$B$2)&IF(INDEX(Расчёт!$V:$V,Расчёт!$B$2)<=1,"🛡",""))))) | I5: =Расчёт!$B$3 | J5: =IF(AND(YEAR(Расчёт!$B$1)=2026,MONTH(Расчёт!$B$1)=4),5+DAY(Расчёт!$B$1),0) | K5: =IF(WEEKDAY(Расчёт!$B$1,2)>=6,1,0) | L5: =Расчёт!$B$2
A6: =IF(Расчёт!$A$101=0,"Ср 1","Ср 1"&CHAR(10)&Расчёт!$W$101&"/"&$I$5) | B6: FALSE | C6: FALSE | D6: FALSE | E6: FALSE | F6: FALSE | G6: FALSE | H6: FALSE
A7: =IF(Расчёт!$A$102=0,"Чт 2","Чт 2"&CHAR(10)&Расчёт!$W$102&"/"&$I$5) | B7: FALSE | C7: FALSE | D7: FALSE | E7: FALSE | F7: FALSE | G7: FALSE | H7: FALSE
A8: =IF(Расчёт!$A$103=0,"Пт 3","Пт 3"&CHAR(10)&Расчёт!$W$103&"/"&$I$5) | B8: FALSE | C8: FALSE | D8: FALSE | E8: FALSE | F8: FALSE | G8: FALSE | H8: FALSE
A9: =IF(Расчёт!$A$104=0,"Сб 4","Сб 4"&CHAR(10)&Расчёт!$W$104&"/"&$I$5) | B9: FALSE | C9: FALSE | D9: FALSE | E9: FALSE | F9: FALSE | G9: FALSE | H9: FALSE
A10: =IF(Расчёт!$A$105=0,"Вс 5","Вс 5"&CHAR(10)&Расчёт!$W$105&"/"&$I$5) | B10: FALSE | C10: FALSE | D10: FALSE | E10: FALSE | F10: FALSE | G10: FALSE | H10: FALSE
A11: =IF(Расчёт!$A$106=0,"Пн 6","Пн 6"&CHAR(10)&Расчёт!$W$106&"/"&$I$5) | B11: FALSE | C11: FALSE | D11: FALSE | E11: FALSE | F11: FALSE | G11: FALSE | H11: FALSE
A12: =IF(Расчёт!$A$107=0,"Вт 7","Вт 7"&CHAR(10)&Расчёт!$W$107&"/"&$I$5) | B12: FALSE | C12: FALSE | D12: FALSE | E12: FALSE | F12: FALSE | G12: FALSE | H12: FALSE
A13: =IF(Расчёт!$A$108=0,"Ср 8","Ср 8"&CHAR(10)&Расчёт!$W$108&"/"&$I$5) | B13: FALSE | C13: FALSE | D13: FALSE | E13: FALSE | F13: FALSE | G13: FALSE | H13: FALSE
A14: =IF(Расчёт!$A$109=0,"Чт 9","Чт 9"&CHAR(10)&Расчёт!$W$109&"/"&$I$5) | B14: FALSE | C14: FALSE | D14: FALSE | E14: FALSE | F14: FALSE | G14: FALSE | H14: FALSE
A15: =IF(Расчёт!$A$110=0,"Пт 10","Пт 10"&CHAR(10)&Расчёт!$W$110&"/"&$I$5) | B15: FALSE | C15: FALSE | D15: FALSE | E15: FALSE | F15: FALSE | G15: FALSE | H15: FALSE
A16: =IF(Расчёт!$A$111=0,"Сб 11","Сб 11"&CHAR(10)&Расчёт!$W$111&"/"&$I$5) | B16: FALSE | C16: FALSE | D16: FALSE | E16: FALSE | F16: FALSE | G16: FALSE | H16: FALSE
A17: =IF(Расчёт!$A$112=0,"Вс 12","Вс 12"&CHAR(10)&Расчёт!$W$112&"/"&$I$5) | B17: FALSE | C17: FALSE | D17: FALSE | E17: FALSE | F17: FALSE | G17: FALSE | H17: FALSE
A18: =IF(Расчёт!$A$113=0,"Пн 13","Пн 13"&CHAR(10)&Расчёт!$W$113&"/"&$I$5) | B18: FALSE | C18: FALSE | D18: FALSE | E18: FALSE | F18: FALSE | G18: FALSE | H18: FALSE
A19: =IF(Расчёт!$A$114=0,"Вт 14","Вт 14"&CHAR(10)&Расчёт!$W$114&"/"&$I$5) | B19: FALSE | C19: FALSE | D19: FALSE | E19: FALSE | F19: FALSE | G19: FALSE | H19: FALSE
A20: =IF(Расчёт!$A$115=0,"Ср 15","Ср 15"&CHAR(10)&Расчёт!$W$115&"/"&$I$5) | B20: FALSE | C20: FALSE | D20: FALSE | E20: FALSE | F20: FALSE | G20: FALSE | H20: FALSE
A21: =IF(Расчёт!$A$116=0,"Чт 16","Чт 16"&CHAR(10)&Расчёт!$W$116&"/"&$I$5) | B21: FALSE | C21: FALSE | D21: FALSE | E21: FALSE | F21: FALSE | G21: FALSE | H21: FALSE
A22: =IF(Расчёт!$A$117=0,"Пт 17","Пт 17"&CHAR(10)&Расчёт!$W$117&"/"&$I$5) | B22: FALSE | C22: FALSE | D22: FALSE | E22: FALSE | F22: FALSE | G22: FALSE | H22: FALSE
A23: =IF(Расчёт!$A$118=0,"Сб 18","Сб 18"&CHAR(10)&Расчёт!$W$118&"/"&$I$5) | B23: FALSE | C23: FALSE | D23: FALSE | E23: FALSE | F23: FALSE | G23: FALSE | H23: FALSE
A24: =IF(Расчёт!$A$119=0,"Вс 19","Вс 19"&CHAR(10)&Расчёт!$W$119&"/"&$I$5) | B24: FALSE | C24: FALSE | D24: FALSE | E24: FALSE | F24: FALSE | G24: FALSE | H24: FALSE
A25: =IF(Расчёт!$A$120=0,"Пн 20","Пн 20"&CHAR(10)&Расчёт!$W$120&"/"&$I$5) | B25: FALSE | C25: FALSE | D25: FALSE | E25: FALSE | F25: FALSE | G25: FALSE | H25: FALSE
A26: =IF(Расчёт!$A$121=0,"Вт 21","Вт 21"&CHAR(10)&Расчёт!$W$121&"/"&$I$5) | B26: FALSE | C26: FALSE | D26: FALSE | E26: FALSE | F26: FALSE | G26: FALSE | H26: FALSE
A27: =IF(Расчёт!$A$122=0,"Ср 22","Ср 22"&CHAR(10)&Расчёт!$W$122&"/"&$I$5) | B27: FALSE | C27: FALSE | D27: FALSE | E27: FALSE | F27: FALSE | G27: FALSE | H27: FALSE
A28: =IF(Расчёт!$A$123=0,"Чт 23","Чт 23"&CHAR(10)&Расчёт!$W$123&"/"&$I$5) | B28: FALSE | C28: FALSE | D28: FALSE | E28: FALSE | F28: FALSE | G28: FALSE | H28: FALSE
A29: =IF(Расчёт!$A$124=0,"Пт 24","Пт 24"&CHAR(10)&Расчёт!$W$124&"/"&$I$5) | B29: FALSE | C29: FALSE | D29: FALSE | E29: FALSE | F29: FALSE | G29: FALSE | H29: FALSE
A30: =IF(Расчёт!$A$125=0,"Сб 25","Сб 25"&CHAR(10)&Расчёт!$W$125&"/"&$I$5) | B30: FALSE | C30: FALSE | D30: FALSE | E30: FALSE | F30: FALSE | G30: FALSE | H30: FALSE
A31: =IF(Расчёт!$A$126=0,"Вс 26","Вс 26"&CHAR(10)&Расчёт!$W$126&"/"&$I$5) | B31: FALSE | C31: FALSE | D31: FALSE | E31: FALSE | F31: FALSE | G31: FALSE | H31: FALSE
A32: =IF(Расчёт!$A$127=0,"Пн 27","Пн 27"&CHAR(10)&Расчёт!$W$127&"/"&$I$5) | B32: FALSE | C32: FALSE | D32: FALSE | E32: FALSE | F32: FALSE | G32: FALSE | H32: FALSE
A33: =IF(Расчёт!$A$128=0,"Вт 28","Вт 28"&CHAR(10)&Расчёт!$W$128&"/"&$I$5) | B33: FALSE | C33: FALSE | D33: FALSE | E33: FALSE | F33: FALSE | G33: FALSE | H33: FALSE
A34: =IF(Расчёт!$A$129=0,"Ср 29","Ср 29"&CHAR(10)&Расчёт!$W$129&"/"&$I$5) | B34: FALSE | C34: FALSE | D34: FALSE | E34: FALSE | F34: FALSE | G34: FALSE | H34: FALSE
A35: =IF(Расчёт!$A$130=0,"Чт 30","Чт 30"&CHAR(10)&Расчёт!$W$130&"/"&$I$5) | B35: FALSE | C35: FALSE | D35: FALSE | E35: FALSE | F35: FALSE | G35: FALSE | H35: FALSE
A38: МОИ ПРИВЫЧКИ
A39: =IF('Старт'!$B$12="","",'Старт'!$A$12&" "&'Старт'!$B$12) | G39: =IF('Старт'!$B$12="","",SUM(Расчёт!$B$101:$B$130)&" из "&ROUND(IF('Старт'!$F$12="",7,'Старт'!$F$12)*30/7,0)) | I39: =IF('Старт'!$B$12="","",IF(Расчёт!$B$2=0,"",IF(IF('Старт'!$F$12="",7,'Старт'!$F$12)<7,"ок",IF(INDEX(Расчёт!$I:$I,Расчёт!$B$2)=0,IF(AND(INDEX(Расчёт!$P:$P,Расчёт!$B$2)>1,$J$39>=3),"верни",""),IF(INDEX(Расчёт!$I:$I,Расчёт!$B$2)>=3,"🔥","")&INDEX(Расчёт!$I:$I,Расчёт!$B$2)&IF(INDEX(Расчёт!$P:$P,Расчёт!$B$2)<=1,"🛡",""))))) | J39: =IF('Старт'!$B$12="","",MAX(Расчёт!$I$101:$I$130)) | K39: =IF(OR('Старт'!$B$12="",Расчёт!$C$382=0),"",MIN(1,SUM(Расчёт!$B$101:$B$130)/MAX(1,ROUND(IF('Старт'!$F$12="",7,'Старт'!$F$12)*30/7,0)*Расчёт!$C$382/30))) | L39: =IF($K$39="","",SPARKLINE($K$39,{"charttype","bar";"max",1;"color1","#22A35E";"color2","#262B38"}))
A40: =IF('Старт'!$B$13="","",'Старт'!$A$13&" "&'Старт'!$B$13) | G40: =IF('Старт'!$B$13="","",SUM(Расчёт!$C$101:$C$130)&" из "&ROUND(IF('Старт'!$F$13="",7,'Старт'!$F$13)*30/7,0)) | I40: =IF('Старт'!$B$13="","",IF(Расчёт!$B$2=0,"",IF(IF('Старт'!$F$13="",7,'Старт'!$F$13)<7,"ок",IF(INDEX(Расчёт!$J:$J,Расчёт!$B$2)=0,IF(AND(INDEX(Расчёт!$Q:$Q,Расчёт!$B$2)>1,$J$40>=3),"верни",""),IF(INDEX(Расчёт!$J:$J,Расчёт!$B$2)>=3,"🔥","")&INDEX(Расчёт!$J:$J,Расчёт!$B$2)&IF(INDEX(Расчёт!$Q:$Q,Расчёт!$B$2)<=1,"🛡",""))))) | J40: =IF('Старт'!$B$13="","",MAX(Расчёт!$J$101:$J$130)) | K40: =IF(OR('Старт'!$B$13="",Расчёт!$C$382=0),"",MIN(1,SUM(Расчёт!$C$101:$C$130)/MAX(1,ROUND(IF('Старт'!$F$13="",7,'Старт'!$F$13)*30/7,0)*Расчёт!$C$382/30))) | L40: =IF($K$40="","",SPARKLINE($K$40,{"charttype","bar";"max",1;"color1","#22A35E";"color2","#262B38"}))
A41: =IF('Старт'!$B$14="","",'Старт'!$A$14&" "&'Старт'!$B$14) | G41: =IF('Старт'!$B$14="","",SUM(Расчёт!$D$101:$D$130)&" из "&ROUND(IF('Старт'!$F$14="",7,'Старт'!$F$14)*30/7,0)) | I41: =IF('Старт'!$B$14="","",IF(Расчёт!$B$2=0,"",IF(IF('Старт'!$F$14="",7,'Старт'!$F$14)<7,"ок",IF(INDEX(Расчёт!$K:$K,Расчёт!$B$2)=0,IF(AND(INDEX(Расчёт!$R:$R,Расчёт!$B$2)>1,$J$41>=3),"верни",""),IF(INDEX(Расчёт!$K:$K,Расчёт!$B$2)>=3,"🔥","")&INDEX(Расчёт!$K:$K,Расчёт!$B$2)&IF(INDEX(Расчёт!$R:$R,Расчёт!$B$2)<=1,"🛡",""))))) | J41: =IF('Старт'!$B$14="","",MAX(Расчёт!$K$101:$K$130)) | K41: =IF(OR('Старт'!$B$14="",Расчёт!$C$382=0),"",MIN(1,SUM(Расчёт!$D$101:$D$130)/MAX(1,ROUND(IF('Старт'!$F$14="",7,'Старт'!$F$14)*30/7,0)*Расчёт!$C$382/30))) | L41: =IF($K$41="","",SPARKLINE($K$41,{"charttype","bar";"max",1;"color1","#22A35E";"color2","#262B38"}))
A42: =IF('Старт'!$B$15="","",'Старт'!$A$15&" "&'Старт'!$B$15) | G42: =IF('Старт'!$B$15="","",SUM(Расчёт!$E$101:$E$130)&" из "&ROUND(IF('Старт'!$F$15="",7,'Старт'!$F$15)*30/7,0)) | I42: =IF('Старт'!$B$15="","",IF(Расчёт!$B$2=0,"",IF(IF('Старт'!$F$15="",7,'Старт'!$F$15)<7,"ок",IF(INDEX(Расчёт!$L:$L,Расчёт!$B$2)=0,IF(AND(INDEX(Расчёт!$S:$S,Расчёт!$B$2)>1,$J$42>=3),"верни",""),IF(INDEX(Расчёт!$L:$L,Расчёт!$B$2)>=3,"🔥","")&INDEX(Расчёт!$L:$L,Расчёт!$B$2)&IF(INDEX(Расчёт!$S:$S,Расчёт!$B$2)<=1,"🛡",""))))) | J42: =IF('Старт'!$B$15="","",MAX(Расчёт!$L$101:$L$130)) | K42: =IF(OR('Старт'!$B$15="",Расчёт!$C$382=0),"",MIN(1,SUM(Расчёт!$E$101:$E$130)/MAX(1,ROUND(IF('Старт'!$F$15="",7,'Старт'!$F$15)*30/7,0)*Расчёт!$C$382/30))) | L42: =IF($K$42="","",SPARKLINE($K$42,{"charttype","bar";"max",1;"color1","#22A35E";"color2","#262B38"}))
A43: =IF('Старт'!$B$16="","",'Старт'!$A$16&" "&'Старт'!$B$16) | G43: =IF('Старт'!$B$16="","",SUM(Расчёт!$F$101:$F$130)&" из "&ROUND(IF('Старт'!$F$16="",7,'Старт'!$F$16)*30/7,0)) | I43: =IF('Старт'!$B$16="","",IF(Расчёт!$B$2=0,"",IF(IF('Старт'!$F$16="",7,'Старт'!$F$16)<7,"ок",IF(INDEX(Расчёт!$M:$M,Расчёт!$B$2)=0,IF(AND(INDEX(Расчёт!$T:$T,Расчёт!$B$2)>1,$J$43>=3),"верни",""),IF(INDEX(Расчёт!$M:$M,Расчёт!$B$2)>=3,"🔥","")&INDEX(Расчёт!$M:$M,Расчёт!$B$2)&IF(INDEX(Расчёт!$T:$T,Расчёт!$B$2)<=1,"🛡",""))))) | J43: =IF('Старт'!$B$16="","",MAX(Расчёт!$M$101:$M$130)) | K43: =IF(OR('Старт'!$B$16="",Расчёт!$C$382=0),"",MIN(1,SUM(Расчёт!$F$101:$F$130)/MAX(1,ROUND(IF('Старт'!$F$16="",7,'Старт'!$F$16)*30/7,0)*Расчёт!$C$382/30))) | L43: =IF($K$43="","",SPARKLINE($K$43,{"charttype","bar";"max",1;"color1","#22A35E";"color2","#262B38"}))
A44: =IF('Старт'!$B$17="","",'Старт'!$A$17&" "&'Старт'!$B$17) | G44: =IF('Старт'!$B$17="","",SUM(Расчёт!$G$101:$G$130)&" из "&ROUND(IF('Старт'!$F$17="",7,'Старт'!$F$17)*30/7,0)) | I44: =IF('Старт'!$B$17="","",IF(Расчёт!$B$2=0,"",IF(IF('Старт'!$F$17="",7,'Старт'!$F$17)<7,"ок",IF(INDEX(Расчёт!$N:$N,Расчёт!$B$2)=0,IF(AND(INDEX(Расчёт!$U:$U,Расчёт!$B$2)>1,$J$44>=3),"верни",""),IF(INDEX(Расчёт!$N:$N,Расчёт!$B$2)>=3,"🔥","")&INDEX(Расчёт!$N:$N,Расчёт!$B$2)&IF(INDEX(Расчёт!$U:$U,Расчёт!$B$2)<=1,"🛡",""))))) | J44: =IF('Старт'!$B$17="","",MAX(Расчёт!$N$101:$N$130)) | K44: =IF(OR('Старт'!$B$17="",Расчёт!$C$382=0),"",MIN(1,SUM(Расчёт!$G$101:$G$130)/MAX(1,ROUND(IF('Старт'!$F$17="",7,'Старт'!$F$17)*30/7,0)*Расчёт!$C$382/30))) | L44: =IF($K$44="","",SPARKLINE($K$44,{"charttype","bar";"max",1;"color1","#22A35E";"color2","#262B38"}))
A45: =IF('Старт'!$B$18="","",'Старт'!$A$18&" "&'Старт'!$B$18) | G45: =IF('Старт'!$B$18="","",SUM(Расчёт!$H$101:$H$130)&" из "&ROUND(IF('Старт'!$F$18="",7,'Старт'!$F$18)*30/7,0)) | I45: =IF('Старт'!$B$18="","",IF(Расчёт!$B$2=0,"",IF(IF('Старт'!$F$18="",7,'Старт'!$F$18)<7,"ок",IF(INDEX(Расчёт!$O:$O,Расчёт!$B$2)=0,IF(AND(INDEX(Расчёт!$V:$V,Расчёт!$B$2)>1,$J$45>=3),"верни",""),IF(INDEX(Расчёт!$O:$O,Расчёт!$B$2)>=3,"🔥","")&INDEX(Расчёт!$O:$O,Расчёт!$B$2)&IF(INDEX(Расчёт!$V:$V,Расчёт!$B$2)<=1,"🛡",""))))) | J45: =IF('Старт'!$B$18="","",MAX(Расчёт!$O$101:$O$130)) | K45: =IF(OR('Старт'!$B$18="",Расчёт!$C$382=0),"",MIN(1,SUM(Расчёт!$H$101:$H$130)/MAX(1,ROUND(IF('Старт'!$F$18="",7,'Старт'!$F$18)*30/7,0)*Расчёт!$C$382/30))) | L45: =IF($K$45="","",SPARKLINE($K$45,{"charttype","bar";"max",1;"color1","#22A35E";"color2","#262B38"}))
A47: ЦЕЛИ МЕСЯЦА
A48: FALSE
A49: FALSE
A50: FALSE
A52: НЕДЕЛЯ
A53: =IF(Расчёт!$H$410=0,"Первая неделя закроется в воскресенье","Неделя · "&Расчёт!$G$410&" из "&Расчёт!$H$410&IF(Расчёт!$I$410=0,""," · прошлая "&ROUND(MIN(1,Расчёт!$I$410/MAX(1,Расчёт!$H$409))*100,0)&" %"))
A54: =IF(OR(Расчёт!$D$410=0,Расчёт!$H$410=0),"","Просело: "&INDEX('Старт'!$E$12:$E$18,MAX(1,Расчёт!$D$410))&" — "&IF(INDEX('Старт'!$B$20:$B$26,MAX(1,Расчёт!$D$410))="","подтяни на этой неделе",INDEX('Старт'!$B$20:$B$26,MAX(1,Расчёт!$D$410))))
A55: =IF(Расчёт!$C$382=0,"Первая галочка — и месяц пошёл","Полных дней: "&Расчёт!$G$382&" · опыт за месяц: "&Расчёт!$I$382)
A56: =IF(Расчёт!$D$410=0,"Испытание появится в воскресенье","Испытание: "&INDEX('Старт'!$E$12:$E$18,MAX(1,Расчёт!$D$410))&" "&Расчёт!$E$410&" из 5"&IF(Расчёт!$F$410=1," ✓",""))
A57: ="Что мешало — и когда и где сделаю иначе?"
A58: Нед 1
A59: Нед 2
A60: Нед 3
A61: Нед 4
A62: Нед 5
A63: =SPARKLINE(Расчёт!$W$101:$W$130,{"charttype","column";"color","#22A35E";"empty","zero"})

Sheet Май
A1: ="МАЙ 2026" | F1: =IF(Расчёт!$C$383=0,"Не идеально, а регулярно",ROUND(Расчёт!$F$383*100,0)&" % · "&Расчёт!$B$6&" "&Расчёт!$B$5)
A2: =IF(OR(Расчёт!$B$2=0,Расчёт!$B$4=0),"Не идеально, а регулярно",IF(INDEX(Расчёт!$AA:$AA,Расчёт!$B$2)>0,"Награда «Возвращение» · +15 опыта",IF(MAX(IF(AND('Старт'!$B$12<>"",IF('Старт'!$F$12="",7,'Старт'!$F$12)=7,INDEX(Расчёт!$I:$I,Расчёт!$B$2)=0,INDEX(Расчёт!$P:$P,Расчёт!$B$2)>1,N($J$39)>=3),1,0),IF(AND('Старт'!$B$13<>"",IF('Старт'!$F$13="",7,'Старт'!$F$13)=7,INDEX(Расчёт!$J:$J,Расчёт!$B$2)=0,INDEX(Расчёт!$Q:$Q,Расчёт!$B$2)>1,N($J$40)>=3),2,0),IF(AND('Старт'!$B$14<>"",IF('Старт'!$F$14="",7,'Старт'!$F$14)=7,INDEX(Расчёт!$K:$K,Расчёт!$B$2)=0,INDEX(Расчёт!$R:$R,Расчёт!$B$2)>1,N($J$41)>=3),3,0),IF(AND('Старт'!$B$15<>"",IF('Старт'!$F$15="",7,'Старт'!$F$15)=7,INDEX(Расчёт!$L:$L,Расчёт!$B$2)=0,INDEX(Расчёт!$S:$S,Расчёт!$B$2)>1,N($J$42)>=3),4,0),IF(AND('Старт'!$B$16<>"",IF('Старт'!$F$16="",7,'Старт'!$F$16)=7,INDEX(Расчёт!$M:$M,Расчёт!$B$2)=0,INDEX(Расчёт!$T:$T,Расчёт!$B$2)>1,N($J$43)>=3),5,0),IF(AND('Старт'!$B$17<>"",IF('Старт'!$F$17="",7,'Старт'!$F$17)=7,INDEX(Расчёт!$N:$N,Расчёт!$B$2)=0,INDEX(Расчёт!$U:$U,Расчёт!$B$2)>1,N($J$44)>=3),6,0),IF(AND('Старт'!$B$18<>"",IF('Старт'!$F$18="",7,'Старт'!$F$18)=7,INDEX(Расчёт!$O:$O,Расчёт!$B$2)=0,INDEX(Расчёт!$V:$V,Расчёт!$B$2)>1,N($J$45)>=3),7,0))>0,"Верни «"&INDEX('Старт'!$E$12:$E$18,MAX(1,MAX(IF(AND('Старт'!$B$12<>"",IF('Старт'!$F$12="",7,'Старт'!$F$12)=7,INDEX(Расчёт!$I:$I,Расчёт!$B$2)=0,INDEX(Расчёт!$P:$P,Расчёт!$B$2)>1,N($J$39)>=3),1,0),IF(AND('Старт'!$B$13<>"",IF('Старт'!$F$13="",7,'Старт'!$F$13)=7,INDEX(Расчёт!$J:$J,Расчёт!$B$2)=0,INDEX(Расчёт!$Q:$Q,Расчёт!$B$2)>1,N($J$40)>=3),2,0),IF(AND('Старт'!$B$14<>"",IF('Старт'!$F$14="",7,'Старт'!$F$14)=7,INDEX(Расчёт!$K:$K,Расчёт!$B$2)=0,INDEX(Расчёт!$R:$R,Расчёт!$B$2)>1,N($J$41)>=3),3,0),IF(AND('Старт'!$B$15<>"",IF('Старт'!$F$15="",7,'Старт'!$F$15)=7,INDEX(Расчёт!$L:$L,Расчёт!$B$2)=0,INDEX(Расчёт!$S:$S,Расчёт!$B$2)>1,N($J$42)>=3),4,0),IF(AND('Старт'!$B$16<>"",IF('Старт'!$F$16="",7,'Старт'!$F$16)=7,INDEX(Расчёт!$M:$M,Расчёт!$B$2)=0,INDEX(Расчёт!$T:$T,Расчёт!$B$2)>1,N($J$43)>=3),5,0),IF(AND('Старт'!$B$17<>"",IF('Старт'!$F$17="",7,'Старт'!$F$17)=7,INDEX(Расчёт!$N:$N,Расчёт!$B$2)=0,INDEX(Расчёт!$U:$U,Расчёт!$B$2)>1,N($J$44)>=3),6,0),IF(AND('Старт'!$B$18<>"",IF('Старт'!$F$18="",7,'Старт'!$F$18)=7,INDEX(Расчёт!$O:$O,Расчёт!$B$2)=0,INDEX(Расчёт!$V:$V,Расчёт!$B$2)>1,N($J$45)>=3),7,0))))&"» сегодня"&IF(INDEX('Старт'!$B$20:$B$26,MAX(1,MAX(IF(AND('Старт'!$B$12<>"",IF('Старт'!$F$12="",7,'Старт'!$F$12)=7,INDEX(Расчёт!$I:$I,Расчёт!$B$2)=0,INDEX(Расчёт!$P:$P,Расчёт!$B$2)>1,N($J$39)>=3),1,0),IF(AND('Старт'!$B$13<>"",IF('Старт'!$F$13="",7,'Старт'!$F$13)=7,INDEX(Расчёт!$J:$J,Расчёт!$B$2)=0,INDEX(Расчёт!$Q:$Q,Расчёт!$B$2)>1,N($J$40)>=3),2,0),IF(AND('Старт'!$B$14<>"",IF('Старт'!$F$14="",7,'Старт'!$F$14)=7,INDEX(Расчёт!$K:$K,Расчёт!$B$2)=0,INDEX(Расчёт!$R:$R,Расчёт!$B$2)>1,N($J$41)>=3),3,0),IF(AND('Старт'!$B$15<>"",IF('Старт'!$F$15="",7,'Старт'!$F$15)=7,INDEX(Расчёт!$L:$L,Расчёт!$B$2)=0,INDEX(Расчёт!$S:$S,Расчёт!$B$2)>1,N($J$42)>=3),4,0),IF(AND('Старт'!$B$16<>"",IF('Старт'!$F$16="",7,'Старт'!$F$16)=7,INDEX(Расчёт!$M:$M,Расчёт!$B$2)=0,INDEX(Расчёт!$T:$T,Расчёт!$B$2)>1,N($J$43)>=3),5,0),IF(AND('Старт'!$B$17<>"",IF('Старт'!$F$17="",7,'Старт'!$F$17)=7,INDEX(Расчёт!$N:$N,Расчёт!$B$2)=0,INDEX(Расчёт!$U:$U,Расчёт!$B$2)>1,N($J$44)>=3),6,0),IF(AND('Старт'!$B$18<>"",IF('Старт'!$F$18="",7,'Старт'!$F$18)=7,INDEX(Расчёт!$O:$O,Расчёт!$B$2)=0,INDEX(Расчёт!$V:$V,Расчёт!$B$2)>1,N($J$45)>=3),7,0))))="",""," — "&INDEX('Старт'!$B$20:$B$26,MAX(1,MAX(IF(AND('Старт'!$B$12<>"",IF('Старт'!$F$12="",7,'Старт'!$F$12)=7,INDEX(Расчёт!$I:$I,Расчёт!$B$2)=0,INDEX(Расчёт!$P:$P,Расчёт!$B$2)>1,N($J$39)>=3),1,0),IF(AND('Старт'!$B$13<>"",IF('Старт'!$F$13="",7,'Старт'!$F$13)=7,INDEX(Расчёт!$J:$J,Расчёт!$B$2)=0,INDEX(Расчёт!$Q:$Q,Расчёт!$B$2)>1,N($J$40)>=3),2,0),IF(AND('Старт'!$B$14<>"",IF('Старт'!$F$14="",7,'Старт'!$F$14)=7,INDEX(Расчёт!$K:$K,Расчёт!$B$2)=0,INDEX(Расчёт!$R:$R,Расчёт!$B$2)>1,N($J$41)>=3),3,0),IF(AND('Старт'!$B$15<>"",IF('Старт'!$F$15="",7,'Старт'!$F$15)=7,INDEX(Расчёт!$L:$L,Расчёт!$B$2)=0,INDEX(Расчёт!$S:$S,Расчёт!$B$2)>1,N($J$42)>=3),4,0),IF(AND('Старт'!$B$16<>"",IF('Старт'!$F$16="",7,'Старт'!$F$16)=7,INDEX(Расчёт!$M:$M,Расчёт!$B$2)=0,INDEX(Расчёт!$T:$T,Расчёт!$B$2)>1,N($J$43)>=3),5,0),IF(AND('Старт'!$B$17<>"",IF('Старт'!$F$17="",7,'Старт'!$F$17)=7,INDEX(Расчёт!$N:$N,Расчёт!$B$2)=0,INDEX(Расчёт!$U:$U,Расчёт!$B$2)>1,N($J$44)>=3),6,0),IF(AND('Старт'!$B$18<>"",IF('Старт'!$F$18="",7,'Старт'!$F$18)=7,INDEX(Расчёт!$O:$O,Расчёт!$B$2)=0,INDEX(Расчёт!$V:$V,Расчёт!$B$2)>1,N($J$45)>=3),7,0))))),IF(Расчёт!$F$414=1,"Испытание закрыто · +100 опыта","Уровень "&Расчёт!$B$5&" · "&Расчёт!$B$6))))
B3: =IF('Старт'!$B$12="","",'Старт'!$A$12) | C3: =IF('Старт'!$B$13="","",'Старт'!$A$13) | D3: =IF('Старт'!$B$14="","",'Старт'!$A$14) | E3: =IF('Старт'!$B$15="","",'Старт'!$A$15) | F3: =IF('Старт'!$B$16="","",'Старт'!$A$16) | G3: =IF('Старт'!$B$17="","",'Старт'!$A$17) | H3: =IF('Старт'!$B$18="","",'Старт'!$A$18)
B4: =IF('Старт'!$B$12="","",'Старт'!$E$12) | C4: =IF('Старт'!$B$13="","",'Старт'!$E$13) | D4: =IF('Старт'!$B$14="","",'Старт'!$E$14) | E4: =IF('Старт'!$B$15="","",'Старт'!$E$15) | F4: =IF('Старт'!$B$16="","",'Старт'!$E$16) | G4: =IF('Старт'!$B$17="","",'Старт'!$E$17) | H4: =IF('Старт'!$B$18="","",'Старт'!$E$18)
B5: =IF('Старт'!$B$12="","",IF(Расчёт!$B$2=0,"",IF(IF('Старт'!$F$12="",7,'Старт'!$F$12)<7,"ок",IF(INDEX(Расчёт!$I:$I,Расчёт!$B$2)=0,IF(AND(INDEX(Расчёт!$P:$P,Расчёт!$B$2)>1,$J$39>=3),"верни",""),IF(INDEX(Расчёт!$I:$I,Расчёт!$B$2)>=3,"🔥","")&INDEX(Расчёт!$I:$I,Расчёт!$B$2)&IF(INDEX(Расчёт!$P:$P,Расчёт!$B$2)<=1,"🛡",""))))) | C5: =IF('Старт'!$B$13="","",IF(Расчёт!$B$2=0,"",IF(IF('Старт'!$F$13="",7,'Старт'!$F$13)<7,"ок",IF(INDEX(Расчёт!$J:$J,Расчёт!$B$2)=0,IF(AND(INDEX(Расчёт!$Q:$Q,Расчёт!$B$2)>1,$J$40>=3),"верни",""),IF(INDEX(Расчёт!$J:$J,Расчёт!$B$2)>=3,"🔥","")&INDEX(Расчёт!$J:$J,Расчёт!$B$2)&IF(INDEX(Расчёт!$Q:$Q,Расчёт!$B$2)<=1,"🛡",""))))) | D5: =IF('Старт'!$B$14="","",IF(Расчёт!$B$2=0,"",IF(IF('Старт'!$F$14="",7,'Старт'!$F$14)<7,"ок",IF(INDEX(Расчёт!$K:$K,Расчёт!$B$2)=0,IF(AND(INDEX(Расчёт!$R:$R,Расчёт!$B$2)>1,$J$41>=3),"верни",""),IF(INDEX(Расчёт!$K:$K,Расчёт!$B$2)>=3,"🔥","")&INDEX(Расчёт!$K:$K,Расчёт!$B$2)&IF(INDEX(Расчёт!$R:$R,Расчёт!$B$2)<=1,"🛡",""))))) | E5: =IF('Старт'!$B$15="","",IF(Расчёт!$B$2=0,"",IF(IF('Старт'!$F$15="",7,'Старт'!$F$15)<7,"ок",IF(INDEX(Расчёт!$L:$L,Расчёт!$B$2)=0,IF(AND(INDEX(Расчёт!$S:$S,Расчёт!$B$2)>1,$J$42>=3),"верни",""),IF(INDEX(Расчёт!$L:$L,Расчёт!$B$2)>=3,"🔥","")&INDEX(Расчёт!$L:$L,Расчёт!$B$2)&IF(INDEX(Расчёт!$S:$S,Расчёт!$B$2)<=1,"🛡",""))))) | F5: =IF('Старт'!$B$16="","",IF(Расчёт!$B$2=0,"",IF(IF('Старт'!$F$16="",7,'Старт'!$F$16)<7,"ок",IF(INDEX(Расчёт!$M:$M,Расчёт!$B$2)=0,IF(AND(INDEX(Расчёт!$T:$T,Расчёт!$B$2)>1,$J$43>=3),"верни",""),IF(INDEX(Расчёт!$M:$M,Расчёт!$B$2)>=3,"🔥","")&INDEX(Расчёт!$M:$M,Расчёт!$B$2)&IF(INDEX(Расчёт!$T:$T,Расчёт!$B$2)<=1,"🛡",""))))) | G5: =IF('Старт'!$B$17="","",IF(Расчёт!$B$2=0,"",IF(IF('Старт'!$F$17="",7,'Старт'!$F$17)<7,"ок",IF(INDEX(Расчёт!$N:$N,Расчёт!$B$2)=0,IF(AND(INDEX(Расчёт!$U:$U,Расчёт!$B$2)>1,$J$44>=3),"верни",""),IF(INDEX(Расчёт!$N:$N,Расчёт!$B$2)>=3,"🔥","")&INDEX(Расчёт!$N:$N,Расчёт!$B$2)&IF(INDEX(Расчёт!$U:$U,Расчёт!$B$2)<=1,"🛡",""))))) | H5: =IF('Старт'!$B$18="","",IF(Расчёт!$B$2=0,"",IF(IF('Старт'!$F$18="",7,'Старт'!$F$18)<7,"ок",IF(INDEX(Расчёт!$O:$O,Расчёт!$B$2)=0,IF(AND(INDEX(Расчёт!$V:$V,Расчёт!$B$2)>1,$J$45>=3),"верни",""),IF(INDEX(Расчёт!$O:$O,Расчёт!$B$2)>=3,"🔥","")&INDEX(Расчёт!$O:$O,Расчёт!$B$2)&IF(INDEX(Расчёт!$V:$V,Расчёт!$B$2)<=1,"🛡",""))))) | I5: =Расчёт!$B$3 | J5: =IF(AND(YEAR(Расчёт!$B$1)=2026,MONTH(Расчёт!$B$1)=5),5+DAY(Расчёт!$B$1),0) | K5: =IF(WEEKDAY(Расчёт!$B$1,2)>=6,1,0) | L5: =Расчёт!$B$2
A6: =IF(Расчёт!$A$131=0,"Пт 1","Пт 1"&CHAR(10)&Расчёт!$W$131&"/"&$I$5) | B6: FALSE | C6: FALSE | D6: FALSE | E6: FALSE | F6: FALSE | G6: FALSE | H6: FALSE
A7: =IF(Расчёт!$A$132=0,"Сб 2","Сб 2"&CHAR(10)&Расчёт!$W$132&"/"&$I$5) | B7: FALSE | C7: FALSE | D7: FALSE | E7: FALSE | F7: FALSE | G7: FALSE | H7: FALSE
A8: =IF(Расчёт!$A$133=0,"Вс 3","Вс 3"&CHAR(10)&Расчёт!$W$133&"/"&$I$5) | B8: FALSE | C8: FALSE | D8: FALSE | E8: FALSE | F8: FALSE | G8: FALSE | H8: FALSE
A9: =IF(Расчёт!$A$134=0,"Пн 4","Пн 4"&CHAR(10)&Расчёт!$W$134&"/"&$I$5) | B9: FALSE | C9: FALSE | D9: FALSE | E9: FALSE | F9: FALSE | G9: FALSE | H9: FALSE
A10: =IF(Расчёт!$A$135=0,"Вт 5","Вт 5"&CHAR(10)&Расчёт!$W$135&"/"&$I$5) | B10: FALSE | C10: FALSE | D10: FALSE | E10: FALSE | F10: FALSE | G10: FALSE | H10: FALSE
A11: =IF(Расчёт!$A$136=0,"Ср 6","Ср 6"&CHAR(10)&Расчёт!$W$136&"/"&$I$5) | B11: FALSE | C11: FALSE | D11: FALSE | E11: FALSE | F11: FALSE | G11: FALSE | H11: FALSE
A12: =IF(Расчёт!$A$137=0,"Чт 7","Чт 7"&CHAR(10)&Расчёт!$W$137&"/"&$I$5) | B12: FALSE | C12: FALSE | D12: FALSE | E12: FALSE | F12: FALSE | G12: FALSE | H12: FALSE
A13: =IF(Расчёт!$A$138=0,"Пт 8","Пт 8"&CHAR(10)&Расчёт!$W$138&"/"&$I$5) | B13: FALSE | C13: FALSE | D13: FALSE | E13: FALSE | F13: FALSE | G13: FALSE | H13: FALSE
A14: =IF(Расчёт!$A$139=0,"Сб 9","Сб 9"&CHAR(10)&Расчёт!$W$139&"/"&$I$5) | B14: FALSE | C14: FALSE | D14: FALSE | E14: FALSE | F14: FALSE | G14: FALSE | H14: FALSE
A15: =IF(Расчёт!$A$140=0,"Вс 10","Вс 10"&CHAR(10)&Расчёт!$W$140&"/"&$I$5) | B15: FALSE | C15: FALSE | D15: FALSE | E15: FALSE | F15: FALSE | G15: FALSE | H15: FALSE
A16: =IF(Расчёт!$A$141=0,"Пн 11","Пн 11"&CHAR(10)&Расчёт!$W$141&"/"&$I$5) | B16: FALSE | C16: FALSE | D16: FALSE | E16: FALSE | F16: FALSE | G16: FALSE | H16: FALSE
A17: =IF(Расчёт!$A$142=0,"Вт 12","Вт 12"&CHAR(10)&Расчёт!$W$142&"/"&$I$5) | B17: FALSE | C17: FALSE | D17: FALSE | E17: FALSE | F17: FALSE | G17: FALSE | H17: FALSE
A18: =IF(Расчёт!$A$143=0,"Ср 13","Ср 13"&CHAR(10)&Расчёт!$W$143&"/"&$I$5) | B18: FALSE | C18: FALSE | D18: FALSE | E18: FALSE | F18: FALSE | G18: FALSE | H18: FALSE
A19: =IF(Расчёт!$A$144=0,"Чт 14","Чт 14"&CHAR(10)&Расчёт!$W$144&"/"&$I$5) | B19: FALSE | C19: FALSE | D19: FALSE | E19: FALSE | F19: FALSE | G19: FALSE | H19: FALSE
A20: =IF(Расчёт!$A$145=0,"Пт 15","Пт 15"&CHAR(10)&Расчёт!$W$145&"/"&$I$5) | B20: FALSE | C20: FALSE | D20: FALSE | E20: FALSE | F20: FALSE | G20: FALSE | H20: FALSE
A21: =IF(Расчёт!$A$146=0,"Сб 16","Сб 16"&CHAR(10)&Расчёт!$W$146&"/"&$I$5) | B21: FALSE | C21: FALSE | D21: FALSE | E21: FALSE | F21: FALSE | G21: FALSE | H21: FALSE
A22: =IF(Расчёт!$A$147=0,"Вс 17","Вс 17"&CHAR(10)&Расчёт!$W$147&"/"&$I$5) | B22: FALSE | C22: FALSE | D22: FALSE | E22: FALSE | F22: FALSE | G22: FALSE | H22: FALSE
A23: =IF(Расчёт!$A$148=0,"Пн 18","Пн 18"&CHAR(10)&Расчёт!$W$148&"/"&$I$5) | B23: FALSE | C23: FALSE | D23: FALSE | E23: FALSE | F23: FALSE | G23: FALSE | H23: FALSE
A24: =IF(Расчёт!$A$149=0,"Вт 19","Вт 19"&CHAR(10)&Расчёт!$W$149&"/"&$I$5) | B24: FALSE | C24: FALSE | D24: FALSE | E24: FALSE | F24: FALSE | G24: FALSE | H24: FALSE
A25: =IF(Расчёт!$A$150=0,"Ср 20","Ср 20"&CHAR(10)&Расчёт!$W$150&"/"&$I$5) | B25: FALSE | C25: FALSE | D25: FALSE | E25: FALSE | F25: FALSE | G25: FALSE | H25: FALSE
A26: =IF(Расчёт!$A$151=0,"Чт 21","Чт 21"&CHAR(10)&Расчёт!$W$151&"/"&$I$5) | B26: FALSE | C26: FALSE | D26: FALSE | E26: FALSE | F26: FALSE | G26: FALSE | H26: FALSE
A27: =IF(Расчёт!$A$152=0,"Пт 22","Пт 22"&CHAR(10)&Расчёт!$W$152&"/"&$I$5) | B27: FALSE | C27: FALSE | D27: FALSE | E27: FALSE | F27: FALSE | G27: FALSE | H27: FALSE
A28: =IF(Расчёт!$A$153=0,"Сб 23","Сб 23"&CHAR(10)&Расчёт!$W$153&"/"&$I$5) | B28: FALSE | C28: FALSE | D28: FALSE | E28: FALSE | F28: FALSE | G28: FALSE | H28: FALSE
A29: =IF(Расчёт!$A$154=0,"Вс 24","Вс 24"&CHAR(10)&Расчёт!$W$154&"/"&$I$5) | B29: FALSE | C29: FALSE | D29: FALSE | E29: FALSE | F29: FALSE | G29: FALSE | H29: FALSE
A30: =IF(Расчёт!$A$155=0,"Пн 25","Пн 25"&CHAR(10)&Расчёт!$W$155&"/"&$I$5) | B30: FALSE | C30: FALSE | D30: FALSE | E30: FALSE | F30: FALSE | G30: FALSE | H30: FALSE
A31: =IF(Расчёт!$A$156=0,"Вт 26","Вт 26"&CHAR(10)&Расчёт!$W$156&"/"&$I$5) | B31: FALSE | C31: FALSE | D31: FALSE | E31: FALSE | F31: FALSE | G31: FALSE | H31: FALSE
A32: =IF(Расчёт!$A$157=0,"Ср 27","Ср 27"&CHAR(10)&Расчёт!$W$157&"/"&$I$5) | B32: FALSE | C32: FALSE | D32: FALSE | E32: FALSE | F32: FALSE | G32: FALSE | H32: FALSE
A33: =IF(Расчёт!$A$158=0,"Чт 28","Чт 28"&CHAR(10)&Расчёт!$W$158&"/"&$I$5) | B33: FALSE | C33: FALSE | D33: FALSE | E33: FALSE | F33: FALSE | G33: FALSE | H33: FALSE
A34: =IF(Расчёт!$A$159=0,"Пт 29","Пт 29"&CHAR(10)&Расчёт!$W$159&"/"&$I$5) | B34: FALSE | C34: FALSE | D34: FALSE | E34: FALSE | F34: FALSE | G34: FALSE | H34: FALSE
A35: =IF(Расчёт!$A$160=0,"Сб 30","Сб 30"&CHAR(10)&Расчёт!$W$160&"/"&$I$5) | B35: FALSE | C35: FALSE | D35: FALSE | E35: FALSE | F35: FALSE | G35: FALSE | H35: FALSE
A36: =IF(Расчёт!$A$161=0,"Вс 31","Вс 31"&CHAR(10)&Расчёт!$W$161&"/"&$I$5) | B36: FALSE | C36: FALSE | D36: FALSE | E36: FALSE | F36: FALSE | G36: FALSE | H36: FALSE
A38: МОИ ПРИВЫЧКИ
A39: =IF('Старт'!$B$12="","",'Старт'!$A$12&" "&'Старт'!$B$12) | G39: =IF('Старт'!$B$12="","",SUM(Расчёт!$B$131:$B$161)&" из "&ROUND(IF('Старт'!$F$12="",7,'Старт'!$F$12)*31/7,0)) | I39: =IF('Старт'!$B$12="","",IF(Расчёт!$B$2=0,"",IF(IF('Старт'!$F$12="",7,'Старт'!$F$12)<7,"ок",IF(INDEX(Расчёт!$I:$I,Расчёт!$B$2)=0,IF(AND(INDEX(Расчёт!$P:$P,Расчёт!$B$2)>1,$J$39>=3),"верни",""),IF(INDEX(Расчёт!$I:$I,Расчёт!$B$2)>=3,"🔥","")&INDEX(Расчёт!$I:$I,Расчёт!$B$2)&IF(INDEX(Расчёт!$P:$P,Расчёт!$B$2)<=1,"🛡",""))))) | J39: =IF('Старт'!$B$12="","",MAX(Расчёт!$I$131:$I$161)) | K39: =IF(OR('Старт'!$B$12="",Расчёт!$C$383=0),"",MIN(1,SUM(Расчёт!$B$131:$B$161)/MAX(1,ROUND(IF('Старт'!$F$12="",7,'Старт'!$F$12)*31/7,0)*Расчёт!$C$383/31))) | L39: =IF($K$39="","",SPARKLINE($K$39,{"charttype","bar";"max",1;"color1","#22A35E";"color2","#262B38"}))
A40: =IF('Старт'!$B$13="","",'Старт'!$A$13&" "&'Старт'!$B$13) | G40: =IF('Старт'!$B$13="","",SUM(Расчёт!$C$131:$C$161)&" из "&ROUND(IF('Старт'!$F$13="",7,'Старт'!$F$13)*31/7,0)) | I40: =IF('Старт'!$B$13="","",IF(Расчёт!$B$2=0,"",IF(IF('Старт'!$F$13="",7,'Старт'!$F$13)<7,"ок",IF(INDEX(Расчёт!$J:$J,Расчёт!$B$2)=0,IF(AND(INDEX(Расчёт!$Q:$Q,Расчёт!$B$2)>1,$J$40>=3),"верни",""),IF(INDEX(Расчёт!$J:$J,Расчёт!$B$2)>=3,"🔥","")&INDEX(Расчёт!$J:$J,Расчёт!$B$2)&IF(INDEX(Расчёт!$Q:$Q,Расчёт!$B$2)<=1,"🛡",""))))) | J40: =IF('Старт'!$B$13="","",MAX(Расчёт!$J$131:$J$161)) | K40: =IF(OR('Старт'!$B$13="",Расчёт!$C$383=0),"",MIN(1,SUM(Расчёт!$C$131:$C$161)/MAX(1,ROUND(IF('Старт'!$F$13="",7,'Старт'!$F$13)*31/7,0)*Расчёт!$C$383/31))) | L40: =IF($K$40="","",SPARKLINE($K$40,{"charttype","bar";"max",1;"color1","#22A35E";"color2","#262B38"}))
A41: =IF('Старт'!$B$14="","",'Старт'!$A$14&" "&'Старт'!$B$14) | G41: =IF('Старт'!$B$14="","",SUM(Расчёт!$D$131:$D$161)&" из "&ROUND(IF('Старт'!$F$14="",7,'Старт'!$F$14)*31/7,0)) | I41: =IF('Старт'!$B$14="","",IF(Расчёт!$B$2=0,"",IF(IF('Старт'!$F$14="",7,'Старт'!$F$14)<7,"ок",IF(INDEX(Расчёт!$K:$K,Расчёт!$B$2)=0,IF(AND(INDEX(Расчёт!$R:$R,Расчёт!$B$2)>1,$J$41>=3),"верни",""),IF(INDEX(Расчёт!$K:$K,Расчёт!$B$2)>=3,"🔥","")&INDEX(Расчёт!$K:$K,Расчёт!$B$2)&IF(INDEX(Расчёт!$R:$R,Расчёт!$B$2)<=1,"🛡",""))))) | J41: =IF('Старт'!$B$14="","",MAX(Расчёт!$K$131:$K$161)) | K41: =IF(OR('Старт'!$B$14="",Расчёт!$C$383=0),"",MIN(1,SUM(Расчёт!$D$131:$D$161)/MAX(1,ROUND(IF('Старт'!$F$14="",7,'Старт'!$F$14)*31/7,0)*Расчёт!$C$383/31))) | L41: =IF($K$41="","",SPARKLINE($K$41,{"charttype","bar";"max",1;"color1","#22A35E";"color2","#262B38"}))
A42: =IF('Старт'!$B$15="","",'Старт'!$A$15&" "&'Старт'!$B$15) | G42: =IF('Старт'!$B$15="","",SUM(Расчёт!$E$131:$E$161)&" из "&ROUND(IF('Старт'!$F$15="",7,'Старт'!$F$15)*31/7,0)) | I42: =IF('Старт'!$B$15="","",IF(Расчёт!$B$2=0,"",IF(IF('Старт'!$F$15="",7,'Старт'!$F$15)<7,"ок",IF(INDEX(Расчёт!$L:$L,Расчёт!$B$2)=0,IF(AND(INDEX(Расчёт!$S:$S,Расчёт!$B$2)>1,$J$42>=3),"верни",""),IF(INDEX(Расчёт!$L:$L,Расчёт!$B$2)>=3,"🔥","")&INDEX(Расчёт!$L:$L,Расчёт!$B$2)&IF(INDEX(Расчёт!$S:$S,Расчёт!$B$2)<=1,"🛡",""))))) | J42: =IF('Старт'!$B$15="","",MAX(Расчёт!$L$131:$L$161)) | K42: =IF(OR('Старт'!$B$15="",Расчёт!$C$383=0),"",MIN(1,SUM(Расчёт!$E$131:$E$161)/MAX(1,ROUND(IF('Старт'!$F$15="",7,'Старт'!$F$15)*31/7,0)*Расчёт!$C$383/31))) | L42: =IF($K$42="","",SPARKLINE($K$42,{"charttype","bar";"max",1;"color1","#22A35E";"color2","#262B38"}))
A43: =IF('Старт'!$B$16="","",'Старт'!$A$16&" "&'Старт'!$B$16) | G43: =IF('Старт'!$B$16="","",SUM(Расчёт!$F$131:$F$161)&" из "&ROUND(IF('Старт'!$F$16="",7,'Старт'!$F$16)*31/7,0)) | I43: =IF('Старт'!$B$16="","",IF(Расчёт!$B$2=0,"",IF(IF('Старт'!$F$16="",7,'Старт'!$F$16)<7,"ок",IF(INDEX(Расчёт!$M:$M,Расчёт!$B$2)=0,IF(AND(INDEX(Расчёт!$T:$T,Расчёт!$B$2)>1,$J$43>=3),"верни",""),IF(INDEX(Расчёт!$M:$M,Расчёт!$B$2)>=3,"🔥","")&INDEX(Расчёт!$M:$M,Расчёт!$B$2)&IF(INDEX(Расчёт!$T:$T,Расчёт!$B$2)<=1,"🛡",""))))) | J43: =IF('Старт'!$B$16="","",MAX(Расчёт!$M$131:$M$161)) | K43: =IF(OR('Старт'!$B$16="",Расчёт!$C$383=0),"",MIN(1,SUM(Расчёт!$F$131:$F$161)/MAX(1,ROUND(IF('Старт'!$F$16="",7,'Старт'!$F$16)*31/7,0)*Расчёт!$C$383/31))) | L43: =IF($K$43="","",SPARKLINE($K$43,{"charttype","bar";"max",1;"color1","#22A35E";"color2","#262B38"}))
A44: =IF('Старт'!$B$17="","",'Старт'!$A$17&" "&'Старт'!$B$17) | G44: =IF('Старт'!$B$17="","",SUM(Расчёт!$G$131:$G$161)&" из "&ROUND(IF('Старт'!$F$17="",7,'Старт'!$F$17)*31/7,0)) | I44: =IF('Старт'!$B$17="","",IF(Расчёт!$B$2=0,"",IF(IF('Старт'!$F$17="",7,'Старт'!$F$17)<7,"ок",IF(INDEX(Расчёт!$N:$N,Расчёт!$B$2)=0,IF(AND(INDEX(Расчёт!$U:$U,Расчёт!$B$2)>1,$J$44>=3),"верни",""),IF(INDEX(Расчёт!$N:$N,Расчёт!$B$2)>=3,"🔥","")&INDEX(Расчёт!$N:$N,Расчёт!$B$2)&IF(INDEX(Расчёт!$U:$U,Расчёт!$B$2)<=1,"🛡",""))))) | J44: =IF('Старт'!$B$17="","",MAX(Расчёт!$N$131:$N$161)) | K44: =IF(OR('Старт'!$B$17="",Расчёт!$C$383=0),"",MIN(1,SUM(Расчёт!$G$131:$G$161)/MAX(1,ROUND(IF('Старт'!$F$17="",7,'Старт'!$F$17)*31/7,0)*Расчёт!$C$383/31))) | L44: =IF($K$44="","",SPARKLINE($K$44,{"charttype","bar";"max",1;"color1","#22A35E";"color2","#262B38"}))
A45: =IF('Старт'!$B$18="","",'Старт'!$A$18&" "&'Старт'!$B$18) | G45: =IF('Старт'!$B$18="","",SUM(Расчёт!$H$131:$H$161)&" из "&ROUND(IF('Старт'!$F$18="",7,'Старт'!$F$18)*31/7,0)) | I45: =IF('Старт'!$B$18="","",IF(Расчёт!$B$2=0,"",IF(IF('Старт'!$F$18="",7,'Старт'!$F$18)<7,"ок",IF(INDEX(Расчёт!$O:$O,Расчёт!$B$2)=0,IF(AND(INDEX(Расчёт!$V:$V,Расчёт!$B$2)>1,$J$45>=3),"верни",""),IF(INDEX(Расчёт!$O:$O,Расчёт!$B$2)>=3,"🔥","")&INDEX(Расчёт!$O:$O,Расчёт!$B$2)&IF(INDEX(Расчёт!$V:$V,Расчёт!$B$2)<=1,"🛡",""))))) | J45: =IF('Старт'!$B$18="","",MAX(Расчёт!$O$131:$O$161)) | K45: =IF(OR('Старт'!$B$18="",Расчёт!$C$383=0),"",MIN(1,SUM(Расчёт!$H$131:$H$161)/MAX(1,ROUND(IF('Старт'!$F$18="",7,'Старт'!$F$18)*31/7,0)*Расчёт!$C$383/31))) | L45: =IF($K$45="","",SPARKLINE($K$45,{"charttype","bar";"max",1;"color1","#22A35E";"color2","#262B38"}))
A47: ЦЕЛИ МЕСЯЦА
A48: FALSE
A49: FALSE
A50: FALSE
A52: НЕДЕЛЯ
A53: =IF(Расчёт!$H$414=0,"Первая неделя закроется в воскресенье","Неделя · "&Расчёт!$G$414&" из "&Расчёт!$H$414&IF(Расчёт!$I$414=0,""," · прошлая "&ROUND(MIN(1,Расчёт!$I$414/MAX(1,Расчёт!$H$413))*100,0)&" %"))
A54: =IF(OR(Расчёт!$D$414=0,Расчёт!$H$414=0),"","Просело: "&INDEX('Старт'!$E$12:$E$18,MAX(1,Расчёт!$D$414))&" — "&IF(INDEX('Старт'!$B$20:$B$26,MAX(1,Расчёт!$D$414))="","подтяни на этой неделе",INDEX('Старт'!$B$20:$B$26,MAX(1,Расчёт!$D$414))))
A55: =IF(Расчёт!$C$383=0,"Первая галочка — и месяц пошёл","Полных дней: "&Расчёт!$G$383&" · опыт за месяц: "&Расчёт!$I$383)
A56: =IF(Расчёт!$D$414=0,"Испытание появится в воскресенье","Испытание: "&INDEX('Старт'!$E$12:$E$18,MAX(1,Расчёт!$D$414))&" "&Расчёт!$E$414&" из 5"&IF(Расчёт!$F$414=1," ✓",""))
A57: ="Что мешало — и когда и где сделаю иначе?"
A58: Нед 1
A59: Нед 2
A60: Нед 3
A61: Нед 4
A62: Нед 5
A63: =SPARKLINE(Расчёт!$W$131:$W$161,{"charttype","column";"color","#22A35E";"empty","zero"})

Sheet Июн
A1: ="ИЮН 2026" | F1: =IF(Расчёт!$C$384=0,"Не идеально, а регулярно",ROUND(Расчёт!$F$384*100,0)&" % · "&Расчёт!$B$6&" "&Расчёт!$B$5)
A2: =IF(OR(Расчёт!$B$2=0,Расчёт!$B$4=0),"Не идеально, а регулярно",IF(INDEX(Расчёт!$AA:$AA,Расчёт!$B$2)>0,"Награда «Возвращение» · +15 опыта",IF(MAX(IF(AND('Старт'!$B$12<>"",IF('Старт'!$F$12="",7,'Старт'!$F$12)=7,INDEX(Расчёт!$I:$I,Расчёт!$B$2)=0,INDEX(Расчёт!$P:$P,Расчёт!$B$2)>1,N($J$39)>=3),1,0),IF(AND('Старт'!$B$13<>"",IF('Старт'!$F$13="",7,'Старт'!$F$13)=7,INDEX(Расчёт!$J:$J,Расчёт!$B$2)=0,INDEX(Расчёт!$Q:$Q,Расчёт!$B$2)>1,N($J$40)>=3),2,0),IF(AND('Старт'!$B$14<>"",IF('Старт'!$F$14="",7,'Старт'!$F$14)=7,INDEX(Расчёт!$K:$K,Расчёт!$B$2)=0,INDEX(Расчёт!$R:$R,Расчёт!$B$2)>1,N($J$41)>=3),3,0),IF(AND('Старт'!$B$15<>"",IF('Старт'!$F$15="",7,'Старт'!$F$15)=7,INDEX(Расчёт!$L:$L,Расчёт!$B$2)=0,INDEX(Расчёт!$S:$S,Расчёт!$B$2)>1,N($J$42)>=3),4,0),IF(AND('Старт'!$B$16<>"",IF('Старт'!$F$16="",7,'Старт'!$F$16)=7,INDEX(Расчёт!$M:$M,Расчёт!$B$2)=0,INDEX(Расчёт!$T:$T,Расчёт!$B$2)>1,N($J$43)>=3),5,0),IF(AND('Старт'!$B$17<>"",IF('Старт'!$F$17="",7,'Старт'!$F$17)=7,INDEX(Расчёт!$N:$N,Расчёт!$B$2)=0,INDEX(Расчёт!$U:$U,Расчёт!$B$2)>1,N($J$44)>=3),6,0),IF(AND('Старт'!$B$18<>"",IF('Старт'!$F$18="",7,'Старт'!$F$18)=7,INDEX(Расчёт!$O:$O,Расчёт!$B$2)=0,INDEX(Расчёт!$V:$V,Расчёт!$B$2)>1,N($J$45)>=3),7,0))>0,"Верни «"&INDEX('Старт'!$E$12:$E$18,MAX(1,MAX(IF(AND('Старт'!$B$12<>"",IF('Старт'!$F$12="",7,'Старт'!$F$12)=7,INDEX(Расчёт!$I:$I,Расчёт!$B$2)=0,INDEX(Расчёт!$P:$P,Расчёт!$B$2)>1,N($J$39)>=3),1,0),IF(AND('Старт'!$B$13<>"",IF('Старт'!$F$13="",7,'Старт'!$F$13)=7,INDEX(Расчёт!$J:$J,Расчёт!$B$2)=0,INDEX(Расчёт!$Q:$Q,Расчёт!$B$2)>1,N($J$40)>=3),2,0),IF(AND('Старт'!$B$14<>"",IF('Старт'!$F$14="",7,'Старт'!$F$14)=7,INDEX(Расчёт!$K:$K,Расчёт!$B$2)=0,INDEX(Расчёт!$R:$R,Расчёт!$B$2)>1,N($J$41)>=3),3,0),IF(AND('Старт'!$B$15<>"",IF('Старт'!$F$15="",7,'Старт'!$F$15)=7,INDEX(Расчёт!$L:$L,Расчёт!$B$2)=0,INDEX(Расчёт!$S:$S,Расчёт!$B$2)>1,N($J$42)>=3),4,0),IF(AND('Старт'!$B$16<>"",IF('Старт'!$F$16="",7,'Старт'!$F$16)=7,INDEX(Расчёт!$M:$M,Расчёт!$B$2)=0,INDEX(Расчёт!$T:$T,Расчёт!$B$2)>1,N($J$43)>=3),5,0),IF(AND('Старт'!$B$17<>"",IF('Старт'!$F$17="",7,'Старт'!$F$17)=7,INDEX(Расчёт!$N:$N,Расчёт!$B$2)=0,INDEX(Расчёт!$U:$U,Расчёт!$B$2)>1,N($J$44)>=3),6,0),IF(AND('Старт'!$B$18<>"",IF('Старт'!$F$18="",7,'Старт'!$F$18)=7,INDEX(Расчёт!$O:$O,Расчёт!$B$2)=0,INDEX(Расчёт!$V:$V,Расчёт!$B$2)>1,N($J$45)>=3),7,0))))&"» сегодня"&IF(INDEX('Старт'!$B$20:$B$26,MAX(1,MAX(IF(AND('Старт'!$B$12<>"",IF('Старт'!$F$12="",7,'Старт'!$F$12)=7,INDEX(Расчёт!$I:$I,Расчёт!$B$2)=0,INDEX(Расчёт!$P:$P,Расчёт!$B$2)>1,N($J$39)>=3),1,0),IF(AND('Старт'!$B$13<>"",IF('Старт'!$F$13="",7,'Старт'!$F$13)=7,INDEX(Расчёт!$J:$J,Расчёт!$B$2)=0,INDEX(Расчёт!$Q:$Q,Расчёт!$B$2)>1,N($J$40)>=3),2,0),IF(AND('Старт'!$B$14<>"",IF('Старт'!$F$14="",7,'Старт'!$F$14)=7,INDEX(Расчёт!$K:$K,Расчёт!$B$2)=0,INDEX(Расчёт!$R:$R,Расчёт!$B$2)>1,N($J$41)>=3),3,0),IF(AND('Старт'!$B$15<>"",IF('Старт'!$F$15="",7,'Старт'!$F$15)=7,INDEX(Расчёт!$L:$L,Расчёт!$B$2)=0,INDEX(Расчёт!$S:$S,Расчёт!$B$2)>1,N($J$42)>=3),4,0),IF(AND('Старт'!$B$16<>"",IF('Старт'!$F$16="",7,'Старт'!$F$16)=7,INDEX(Расчёт!$M:$M,Расчёт!$B$2)=0,INDEX(Расчёт!$T:$T,Расчёт!$B$2)>1,N($J$43)>=3),5,0),IF(AND('Старт'!$B$17<>"",IF('Старт'!$F$17="",7,'Старт'!$F$17)=7,INDEX(Расчёт!$N:$N,Расчёт!$B$2)=0,INDEX(Расчёт!$U:$U,Расчёт!$B$2)>1,N($J$44)>=3),6,0),IF(AND('Старт'!$B$18<>"",IF('Старт'!$F$18="",7,'Старт'!$F$18)=7,INDEX(Расчёт!$O:$O,Расчёт!$B$2)=0,INDEX(Расчёт!$V:$V,Расчёт!$B$2)>1,N($J$45)>=3),7,0))))="",""," — "&INDEX('Старт'!$B$20:$B$26,MAX(1,MAX(IF(AND('Старт'!$B$12<>"",IF('Старт'!$F$12="",7,'Старт'!$F$12)=7,INDEX(Расчёт!$I:$I,Расчёт!$B$2)=0,INDEX(Расчёт!$P:$P,Расчёт!$B$2)>1,N($J$39)>=3),1,0),IF(AND('Старт'!$B$13<>"",IF('Старт'!$F$13="",7,'Старт'!$F$13)=7,INDEX(Расчёт!$J:$J,Расчёт!$B$2)=0,INDEX(Расчёт!$Q:$Q,Расчёт!$B$2)>1,N($J$40)>=3),2,0),IF(AND('Старт'!$B$14<>"",IF('Старт'!$F$14="",7,'Старт'!$F$14)=7,INDEX(Расчёт!$K:$K,Расчёт!$B$2)=0,INDEX(Расчёт!$R:$R,Расчёт!$B$2)>1,N($J$41)>=3),3,0),IF(AND('Старт'!$B$15<>"",IF('Старт'!$F$15="",7,'Старт'!$F$15)=7,INDEX(Расчёт!$L:$L,Расчёт!$B$2)=0,INDEX(Расчёт!$S:$S,Расчёт!$B$2)>1,N($J$42)>=3),4,0),IF(AND('Старт'!$B$16<>"",IF('Старт'!$F$16="",7,'Старт'!$F$16)=7,INDEX(Расчёт!$M:$M,Расчёт!$B$2)=0,INDEX(Расчёт!$T:$T,Расчёт!$B$2)>1,N($J$43)>=3),5,0),IF(AND('Старт'!$B$17<>"",IF('Старт'!$F$17="",7,'Старт'!$F$17)=7,INDEX(Расчёт!$N:$N,Расчёт!$B$2)=0,INDEX(Расчёт!$U:$U,Расчёт!$B$2)>1,N($J$44)>=3),6,0),IF(AND('Старт'!$B$18<>"",IF('Старт'!$F$18="",7,'Старт'!$F$18)=7,INDEX(Расчёт!$O:$O,Расчёт!$B$2)=0,INDEX(Расчёт!$V:$V,Расчёт!$B$2)>1,N($J$45)>=3),7,0))))),IF(Расчёт!$F$419=1,"Испытание закрыто · +100 опыта","Уровень "&Расчёт!$B$5&" · "&Расчёт!$B$6))))
B3: =IF('Старт'!$B$12="","",'Старт'!$A$12) | C3: =IF('Старт'!$B$13="","",'Старт'!$A$13) | D3: =IF('Старт'!$B$14="","",'Старт'!$A$14) | E3: =IF('Старт'!$B$15="","",'Старт'!$A$15) | F3: =IF('Старт'!$B$16="","",'Старт'!$A$16) | G3: =IF('Старт'!$B$17="","",'Старт'!$A$17) | H3: =IF('Старт'!$B$18="","",'Старт'!$A$18)
B4: =IF('Старт'!$B$12="","",'Старт'!$E$12) | C4: =IF('Старт'!$B$13="","",'Старт'!$E$13) | D4: =IF('Старт'!$B$14="","",'Старт'!$E$14) | E4: =IF('Старт'!$B$15="","",'Старт'!$E$15) | F4: =IF('Старт'!$B$16="","",'Старт'!$E$16) | G4: =IF('Старт'!$B$17="","",'Старт'!$E$17) | H4: =IF('Старт'!$B$18="","",'Старт'!$E$18)
B5: =IF('Старт'!$B$12="","",IF(Расчёт!$B$2=0,"",IF(IF('Старт'!$F$12="",7,'Старт'!$F$12)<7,"ок",IF(INDEX(Расчёт!$I:$I,Расчёт!$B$2)=0,IF(AND(INDEX(Расчёт!$P:$P,Расчёт!$B$2)>1,$J$39>=3),"верни",""),IF(INDEX(Расчёт!$I:$I,Расчёт!$B$2)>=3,"🔥","")&INDEX(Расчёт!$I:$I,Расчёт!$B$2)&IF(INDEX(Расчёт!$P:$P,Расчёт!$B$2)<=1,"🛡",""))))) | C5: =IF('Старт'!$B$13="","",IF(Расчёт!$B$2=0,"",IF(IF('Старт'!$F$13="",7,'Старт'!$F$13)<7,"ок",IF(INDEX(Расчёт!$J:$J,Расчёт!$B$2)=0,IF(AND(INDEX(Расчёт!$Q:$Q,Расчёт!$B$2)>1,$J$40>=3),"верни",""),IF(INDEX(Расчёт!$J:$J,Расчёт!$B$2)>=3,"🔥","")&INDEX(Расчёт!$J:$J,Расчёт!$B$2)&IF(INDEX(Расчёт!$Q:$Q,Расчёт!$B$2)<=1,"🛡",""))))) | D5: =IF('Старт'!$B$14="","",IF(Расчёт!$B$2=0,"",IF(IF('Старт'!$F$14="",7,'Старт'!$F$14)<7,"ок",IF(INDEX(Расчёт!$K:$K,Расчёт!$B$2)=0,IF(AND(INDEX(Расчёт!$R:$R,Расчёт!$B$2)>1,$J$41>=3),"верни",""),IF(INDEX(Расчёт!$K:$K,Расчёт!$B$2)>=3,"🔥","")&INDEX(Расчёт!$K:$K,Расчёт!$B$2)&IF(INDEX(Расчёт!$R:$R,Расчёт!$B$2)<=1,"🛡",""))))) | E5: =IF('Старт'!$B$15="","",IF(Расчёт!$B$2=0,"",IF(IF('Старт'!$F$15="",7,'Старт'!$F$15)<7,"ок",IF(INDEX(Расчёт!$L:$L,Расчёт!$B$2)=0,IF(AND(INDEX(Расчёт!$S:$S,Расчёт!$B$2)>1,$J$42>=3),"верни",""),IF(INDEX(Расчёт!$L:$L,Расчёт!$B$2)>=3,"🔥","")&INDEX(Расчёт!$L:$L,Расчёт!$B$2)&IF(INDEX(Расчёт!$S:$S,Расчёт!$B$2)<=1,"🛡",""))))) | F5: =IF('Старт'!$B$16="","",IF(Расчёт!$B$2=0,"",IF(IF('Старт'!$F$16="",7,'Старт'!$F$16)<7,"ок",IF(INDEX(Расчёт!$M:$M,Расчёт!$B$2)=0,IF(AND(INDEX(Расчёт!$T:$T,Расчёт!$B$2)>1,$J$43>=3),"верни",""),IF(INDEX(Расчёт!$M:$M,Расчёт!$B$2)>=3,"🔥","")&INDEX(Расчёт!$M:$M,Расчёт!$B$2)&IF(INDEX(Расчёт!$T:$T,Расчёт!$B$2)<=1,"🛡",""))))) | G5: =IF('Старт'!$B$17="","",IF(Расчёт!$B$2=0,"",IF(IF('Старт'!$F$17="",7,'Старт'!$F$17)<7,"ок",IF(INDEX(Расчёт!$N:$N,Расчёт!$B$2)=0,IF(AND(INDEX(Расчёт!$U:$U,Расчёт!$B$2)>1,$J$44>=3),"верни",""),IF(INDEX(Расчёт!$N:$N,Расчёт!$B$2)>=3,"🔥","")&INDEX(Расчёт!$N:$N,Расчёт!$B$2)&IF(INDEX(Расчёт!$U:$U,Расчёт!$B$2)<=1,"🛡",""))))) | H5: =IF('Старт'!$B$18="","",IF(Расчёт!$B$2=0,"",IF(IF('Старт'!$F$18="",7,'Старт'!$F$18)<7,"ок",IF(INDEX(Расчёт!$O:$O,Расчёт!$B$2)=0,IF(AND(INDEX(Расчёт!$V:$V,Расчёт!$B$2)>1,$J$45>=3),"верни",""),IF(INDEX(Расчёт!$O:$O,Расчёт!$B$2)>=3,"🔥","")&INDEX(Расчёт!$O:$O,Расчёт!$B$2)&IF(INDEX(Расчёт!$V:$V,Расчёт!$B$2)<=1,"🛡",""))))) | I5: =Расчёт!$B$3 | J5: =IF(AND(YEAR(Расчёт!$B$1)=2026,MONTH(Расчёт!$B$1)=6),5+DAY(Расчёт!$B$1),0) | K5: =IF(WEEKDAY(Расчёт!$B$1,2)>=6,1,0) | L5: =Расчёт!$B$2
A6: =IF(Расчёт!$A$162=0,"Пн 1","Пн 1"&CHAR(10)&Расчёт!$W$162&"/"&$I$5) | B6: FALSE | C6: FALSE | D6: FALSE | E6: FALSE | F6: FALSE | G6: FALSE | H6: FALSE
A7: =IF(Расчёт!$A$163=0,"Вт 2","Вт 2"&CHAR(10)&Расчёт!$W$163&"/"&$I$5) | B7: FALSE | C7: FALSE | D7: FALSE | E7: FALSE | F7: FALSE | G7: FALSE | H7: FALSE
A8: =IF(Расчёт!$A$164=0,"Ср 3","Ср 3"&CHAR(10)&Расчёт!$W$164&"/"&$I$5) | B8: FALSE | C8: FALSE | D8: FALSE | E8: FALSE | F8: FALSE | G8: FALSE | H8: FALSE
A9: =IF(Расчёт!$A$165=0,"Чт 4","Чт 4"&CHAR(10)&Расчёт!$W$165&"/"&$I$5) | B9: FALSE | C9: FALSE | D9: FALSE | E9: FALSE | F9: FALSE | G9: FALSE | H9: FALSE
A10: =IF(Расчёт!$A$166=0,"Пт 5","Пт 5"&CHAR(10)&Расчёт!$W$166&"/"&$I$5) | B10: FALSE | C10: FALSE | D10: FALSE | E10: FALSE | F10: FALSE | G10: FALSE | H10: FALSE
A11: =IF(Расчёт!$A$167=0,"Сб 6","Сб 6"&CHAR(10)&Расчёт!$W$167&"/"&$I$5) | B11: FALSE | C11: FALSE | D11: FALSE | E11: FALSE | F11: FALSE | G11: FALSE | H11: FALSE
A12: =IF(Расчёт!$A$168=0,"Вс 7","Вс 7"&CHAR(10)&Расчёт!$W$168&"/"&$I$5) | B12: FALSE | C12: FALSE | D12: FALSE | E12: FALSE | F12: FALSE | G12: FALSE | H12: FALSE
A13: =IF(Расчёт!$A$169=0,"Пн 8","Пн 8"&CHAR(10)&Расчёт!$W$169&"/"&$I$5) | B13: FALSE | C13: FALSE | D13: FALSE | E13: FALSE | F13: FALSE | G13: FALSE | H13: FALSE
A14: =IF(Расчёт!$A$170=0,"Вт 9","Вт 9"&CHAR(10)&Расчёт!$W$170&"/"&$I$5) | B14: FALSE | C14: FALSE | D14: FALSE | E14: FALSE | F14: FALSE | G14: FALSE | H14: FALSE
A15: =IF(Расчёт!$A$171=0,"Ср 10","Ср 10"&CHAR(10)&Расчёт!$W$171&"/"&$I$5) | B15: FALSE | C15: FALSE | D15: FALSE | E15: FALSE | F15: FALSE | G15: FALSE | H15: FALSE
A16: =IF(Расчёт!$A$172=0,"Чт 11","Чт 11"&CHAR(10)&Расчёт!$W$172&"/"&$I$5) | B16: FALSE | C16: FALSE | D16: FALSE | E16: FALSE | F16: FALSE | G16: FALSE | H16: FALSE
A17: =IF(Расчёт!$A$173=0,"Пт 12","Пт 12"&CHAR(10)&Расчёт!$W$173&"/"&$I$5) | B17: FALSE | C17: FALSE | D17: FALSE | E17: FALSE | F17: FALSE | G17: FALSE | H17: FALSE
A18: =IF(Расчёт!$A$174=0,"Сб 13","Сб 13"&CHAR(10)&Расчёт!$W$174&"/"&$I$5) | B18: FALSE | C18: FALSE | D18: FALSE | E18: FALSE | F18: FALSE | G18: FALSE | H18: FALSE
A19: =IF(Расчёт!$A$175=0,"Вс 14","Вс 14"&CHAR(10)&Расчёт!$W$175&"/"&$I$5) | B19: FALSE | C19: FALSE | D19: FALSE | E19: FALSE | F19: FALSE | G19: FALSE | H19: FALSE
A20: =IF(Расчёт!$A$176=0,"Пн 15","Пн 15"&CHAR(10)&Расчёт!$W$176&"/"&$I$5) | B20: FALSE | C20: FALSE | D20: FALSE | E20: FALSE | F20: FALSE | G20: FALSE | H20: FALSE
A21: =IF(Расчёт!$A$177=0,"Вт 16","Вт 16"&CHAR(10)&Расчёт!$W$177&"/"&$I$5) | B21: FALSE | C21: FALSE | D21: FALSE | E21: FALSE | F21: FALSE | G21: FALSE | H21: FALSE
A22: =IF(Расчёт!$A$178=0,"Ср 17","Ср 17"&CHAR(10)&Расчёт!$W$178&"/"&$I$5) | B22: FALSE | C22: FALSE | D22: FALSE | E22: FALSE | F22: FALSE | G22: FALSE | H22: FALSE
A23: =IF(Расчёт!$A$179=0,"Чт 18","Чт 18"&CHAR(10)&Расчёт!$W$179&"/"&$I$5) | B23: FALSE | C23: FALSE | D23: FALSE | E23: FALSE | F23: FALSE | G23: FALSE | H23: FALSE
A24: =IF(Расчёт!$A$180=0,"Пт 19","Пт 19"&CHAR(10)&Расчёт!$W$180&"/"&$I$5) | B24: FALSE | C24: FALSE | D24: FALSE | E24: FALSE | F24: FALSE | G24: FALSE | H24: FALSE
A25: =IF(Расчёт!$A$181=0,"Сб 20","Сб 20"&CHAR(10)&Расчёт!$W$181&"/"&$I$5) | B25: FALSE | C25: FALSE | D25: FALSE | E25: FALSE | F25: FALSE | G25: FALSE | H25: FALSE
A26: =IF(Расчёт!$A$182=0,"Вс 21","Вс 21"&CHAR(10)&Расчёт!$W$182&"/"&$I$5) | B26: FALSE | C26: FALSE | D26: FALSE | E26: FALSE | F26: FALSE | G26: FALSE | H26: FALSE
A27: =IF(Расчёт!$A$183=0,"Пн 22","Пн 22"&CHAR(10)&Расчёт!$W$183&"/"&$I$5) | B27: FALSE | C27: FALSE | D27: FALSE | E27: FALSE | F27: FALSE | G27: FALSE | H27: FALSE
A28: =IF(Расчёт!$A$184=0,"Вт 23","Вт 23"&CHAR(10)&Расчёт!$W$184&"/"&$I$5) | B28: FALSE | C28: FALSE | D28: FALSE | E28: FALSE | F28: FALSE | G28: FALSE | H28: FALSE
A29: =IF(Расчёт!$A$185=0,"Ср 24","Ср 24"&CHAR(10)&Расчёт!$W$185&"/"&$I$5) | B29: FALSE | C29: FALSE | D29: FALSE | E29: FALSE | F29: FALSE | G29: FALSE | H29: FALSE
A30: =IF(Расчёт!$A$186=0,"Чт 25","Чт 25"&CHAR(10)&Расчёт!$W$186&"/"&$I$5) | B30: FALSE | C30: FALSE | D30: FALSE | E30: FALSE | F30: FALSE | G30: FALSE | H30: FALSE
A31: =IF(Расчёт!$A$187=0,"Пт 26","Пт 26"&CHAR(10)&Расчёт!$W$187&"/"&$I$5) | B31: FALSE | C31: FALSE | D31: FALSE | E31: FALSE | F31: FALSE | G31: FALSE | H31: FALSE
A32: =IF(Расчёт!$A$188=0,"Сб 27","Сб 27"&CHAR(10)&Расчёт!$W$188&"/"&$I$5) | B32: FALSE | C32: FALSE | D32: FALSE | E32: FALSE | F32: FALSE | G32: FALSE | H32: FALSE
A33: =IF(Расчёт!$A$189=0,"Вс 28","Вс 28"&CHAR(10)&Расчёт!$W$189&"/"&$I$5) | B33: FALSE | C33: FALSE | D33: FALSE | E33: FALSE | F33: FALSE | G33: FALSE | H33: FALSE
A34: =IF(Расчёт!$A$190=0,"Пн 29","Пн 29"&CHAR(10)&Расчёт!$W$190&"/"&$I$5) | B34: FALSE | C34: FALSE | D34: FALSE | E34: FALSE | F34: FALSE | G34: FALSE | H34: FALSE
A35: =IF(Расчёт!$A$191=0,"Вт 30","Вт 30"&CHAR(10)&Расчёт!$W$191&"/"&$I$5) | B35: FALSE | C35: FALSE | D35: FALSE | E35: FALSE | F35: FALSE | G35: FALSE | H35: FALSE
A38: МОИ ПРИВЫЧКИ
A39: =IF('Старт'!$B$12="","",'Старт'!$A$12&" "&'Старт'!$B$12) | G39: =IF('Старт'!$B$12="","",SUM(Расчёт!$B$162:$B$191)&" из "&ROUND(IF('Старт'!$F$12="",7,'Старт'!$F$12)*30/7,0)) | I39: =IF('Старт'!$B$12="","",IF(Расчёт!$B$2=0,"",IF(IF('Старт'!$F$12="",7,'Старт'!$F$12)<7,"ок",IF(INDEX(Расчёт!$I:$I,Расчёт!$B$2)=0,IF(AND(INDEX(Расчёт!$P:$P,Расчёт!$B$2)>1,$J$39>=3),"верни",""),IF(INDEX(Расчёт!$I:$I,Расчёт!$B$2)>=3,"🔥","")&INDEX(Расчёт!$I:$I,Расчёт!$B$2)&IF(INDEX(Расчёт!$P:$P,Расчёт!$B$2)<=1,"🛡",""))))) | J39: =IF('Старт'!$B$12="","",MAX(Расчёт!$I$162:$I$191)) | K39: =IF(OR('Старт'!$B$12="",Расчёт!$C$384=0),"",MIN(1,SUM(Расчёт!$B$162:$B$191)/MAX(1,ROUND(IF('Старт'!$F$12="",7,'Старт'!$F$12)*30/7,0)*Расчёт!$C$384/30))) | L39: =IF($K$39="","",SPARKLINE($K$39,{"charttype","bar";"max",1;"color1","#22A35E";"color2","#262B38"}))
A40: =IF('Старт'!$B$13="","",'Старт'!$A$13&" "&'Старт'!$B$13) | G40: =IF('Старт'!$B$13="","",SUM(Расчёт!$C$162:$C$191)&" из "&ROUND(IF('Старт'!$F$13="",7,'Старт'!$F$13)*30/7,0)) | I40: =IF('Старт'!$B$13="","",IF(Расчёт!$B$2=0,"",IF(IF('Старт'!$F$13="",7,'Старт'!$F$13)<7,"ок",IF(INDEX(Расчёт!$J:$J,Расчёт!$B$2)=0,IF(AND(INDEX(Расчёт!$Q:$Q,Расчёт!$B$2)>1,$J$40>=3),"верни",""),IF(INDEX(Расчёт!$J:$J,Расчёт!$B$2)>=3,"🔥","")&INDEX(Расчёт!$J:$J,Расчёт!$B$2)&IF(INDEX(Расчёт!$Q:$Q,Расчёт!$B$2)<=1,"🛡",""))))) | J40: =IF('Старт'!$B$13="","",MAX(Расчёт!$J$162:$J$191)) | K40: =IF(OR('Старт'!$B$13="",Расчёт!$C$384=0),"",MIN(1,SUM(Расчёт!$C$162:$C$191)/MAX(1,ROUND(IF('Старт'!$F$13="",7,'Старт'!$F$13)*30/7,0)*Расчёт!$C$384/30))) | L40: =IF($K$40="","",SPARKLINE($K$40,{"charttype","bar";"max",1;"color1","#22A35E";"color2","#262B38"}))
A41: =IF('Старт'!$B$14="","",'Старт'!$A$14&" "&'Старт'!$B$14) | G41: =IF('Старт'!$B$14="","",SUM(Расчёт!$D$162:$D$191)&" из "&ROUND(IF('Старт'!$F$14="",7,'Старт'!$F$14)*30/7,0)) | I41: =IF('Старт'!$B$14="","",IF(Расчёт!$B$2=0,"",IF(IF('Старт'!$F$14="",7,'Старт'!$F$14)<7,"ок",IF(INDEX(Расчёт!$K:$K,Расчёт!$B$2)=0,IF(AND(INDEX(Расчёт!$R:$R,Расчёт!$B$2)>1,$J$41>=3),"верни",""),IF(INDEX(Расчёт!$K:$K,Расчёт!$B$2)>=3,"🔥","")&INDEX(Расчёт!$K:$K,Расчёт!$B$2)&IF(INDEX(Расчёт!$R:$R,Расчёт!$B$2)<=1,"🛡",""))))) | J41: =IF('Старт'!$B$14="","",MAX(Расчёт!$K$162:$K$191)) | K41: =IF(OR('Старт'!$B$14="",Расчёт!$C$384=0),"",MIN(1,SUM(Расчёт!$D$162:$D$191)/MAX(1,ROUND(IF('Старт'!$F$14="",7,'Старт'!$F$14)*30/7,0)*Расчёт!$C$384/30))) | L41: =IF($K$41="","",SPARKLINE($K$41,{"charttype","bar";"max",1;"color1","#22A35E";"color2","#262B38"}))
A42: =IF('Старт'!$B$15="","",'Старт'!$A$15&" "&'Старт'!$B$15) | G42: =IF('Старт'!$B$15="","",SUM(Расчёт!$E$162:$E$191)&" из "&ROUND(IF('Старт'!$F$15="",7,'Старт'!$F$15)*30/7,0)) | I42: =IF('Старт'!$B$15="","",IF(Расчёт!$B$2=0,"",IF(IF('Старт'!$F$15="",7,'Старт'!$F$15)<7,"ок",IF(INDEX(Расчёт!$L:$L,Расчёт!$B$2)=0,IF(AND(INDEX(Расчёт!$S:$S,Расчёт!$B$2)>1,$J$42>=3),"верни",""),IF(INDEX(Расчёт!$L:$L,Расчёт!$B$2)>=3,"🔥","")&INDEX(Расчёт!$L:$L,Расчёт!$B$2)&IF(INDEX(Расчёт!$S:$S,Расчёт!$B$2)<=1,"🛡",""))))) | J42: =IF('Старт'!$B$15="","",MAX(Расчёт!$L$162:$L$191)) | K42: =IF(OR('Старт'!$B$15="",Расчёт!$C$384=0),"",MIN(1,SUM(Расчёт!$E$162:$E$191)/MAX(1,ROUND(IF('Старт'!$F$15="",7,'Старт'!$F$15)*30/7,0)*Расчёт!$C$384/30))) | L42: =IF($K$42="","",SPARKLINE($K$42,{"charttype","bar";"max",1;"color1","#22A35E";"color2","#262B38"}))
A43: =IF('Старт'!$B$16="","",'Старт'!$A$16&" "&'Старт'!$B$16) | G43: =IF('Старт'!$B$16="","",SUM(Расчёт!$F$162:$F$191)&" из "&ROUND(IF('Старт'!$F$16="",7,'Старт'!$F$16)*30/7,0)) | I43: =IF('Старт'!$B$16="","",IF(Расчёт!$B$2=0,"",IF(IF('Старт'!$F$16="",7,'Старт'!$F$16)<7,"ок",IF(INDEX(Расчёт!$M:$M,Расчёт!$B$2)=0,IF(AND(INDEX(Расчёт!$T:$T,Расчёт!$B$2)>1,$J$43>=3),"верни",""),IF(INDEX(Расчёт!$M:$M,Расчёт!$B$2)>=3,"🔥","")&INDEX(Расчёт!$M:$M,Расчёт!$B$2)&IF(INDEX(Расчёт!$T:$T,Расчёт!$B$2)<=1,"🛡",""))))) | J43: =IF('Старт'!$B$16="","",MAX(Расчёт!$M$162:$M$191)) | K43: =IF(OR('Старт'!$B$16="",Расчёт!$C$384=0),"",MIN(1,SUM(Расчёт!$F$162:$F$191)/MAX(1,ROUND(IF('Старт'!$F$16="",7,'Старт'!$F$16)*30/7,0)*Расчёт!$C$384/30))) | L43: =IF($K$43="","",SPARKLINE($K$43,{"charttype","bar";"max",1;"color1","#22A35E";"color2","#262B38"}))
A44: =IF('Старт'!$B$17="","",'Старт'!$A$17&" "&'Старт'!$B$17) | G44: =IF('Старт'!$B$17="","",SUM(Расчёт!$G$162:$G$191)&" из "&ROUND(IF('Старт'!$F$17="",7,'Старт'!$F$17)*30/7,0)) | I44: =IF('Старт'!$B$17="","",IF(Расчёт!$B$2=0,"",IF(IF('Старт'!$F$17="",7,'Старт'!$F$17)<7,"ок",IF(INDEX(Расчёт!$N:$N,Расчёт!$B$2)=0,IF(AND(INDEX(Расчёт!$U:$U,Расчёт!$B$2)>1,$J$44>=3),"верни",""),IF(INDEX(Расчёт!$N:$N,Расчёт!$B$2)>=3,"🔥","")&INDEX(Расчёт!$N:$N,Расчёт!$B$2)&IF(INDEX(Расчёт!$U:$U,Расчёт!$B$2)<=1,"🛡",""))))) | J44: =IF('Старт'!$B$17="","",MAX(Расчёт!$N$162:$N$191)) | K44: =IF(OR('Старт'!$B$17="",Расчёт!$C$384=0),"",MIN(1,SUM(Расчёт!$G$162:$G$191)/MAX(1,ROUND(IF('Старт'!$F$17="",7,'Старт'!$F$17)*30/7,0)*Расчёт!$C$384/30))) | L44: =IF($K$44="","",SPARKLINE($K$44,{"charttype","bar";"max",1;"color1","#22A35E";"color2","#262B38"}))
A45: =IF('Старт'!$B$18="","",'Старт'!$A$18&" "&'Старт'!$B$18) | G45: =IF('Старт'!$B$18="","",SUM(Расчёт!$H$162:$H$191)&" из "&ROUND(IF('Старт'!$F$18="",7,'Старт'!$F$18)*30/7,0)) | I45: =IF('Старт'!$B$18="","",IF(Расчёт!$B$2=0,"",IF(IF('Старт'!$F$18="",7,'Старт'!$F$18)<7,"ок",IF(INDEX(Расчёт!$O:$O,Расчёт!$B$2)=0,IF(AND(INDEX(Расчёт!$V:$V,Расчёт!$B$2)>1,$J$45>=3),"верни",""),IF(INDEX(Расчёт!$O:$O,Расчёт!$B$2)>=3,"🔥","")&INDEX(Расчёт!$O:$O,Расчёт!$B$2)&IF(INDEX(Расчёт!$V:$V,Расчёт!$B$2)<=1,"🛡",""))))) | J45: =IF('Старт'!$B$18="","",MAX(Расчёт!$O$162:$O$191)) | K45: =IF(OR('Старт'!$B$18="",Расчёт!$C$384=0),"",MIN(1,SUM(Расчёт!$H$162:$H$191)/MAX(1,ROUND(IF('Старт'!$F$18="",7,'Старт'!$F$18)*30/7,0)*Расчёт!$C$384/30))) | L45: =IF($K$45="","",SPARKLINE($K$45,{"charttype","bar";"max",1;"color1","#22A35E";"color2","#262B38"}))
A47: ЦЕЛИ МЕСЯЦА
A48: FALSE
A49: FALSE
A50: FALSE
A52: НЕДЕЛЯ
A53: =IF(Расчёт!$H$419=0,"Первая неделя закроется в воскресенье","Неделя · "&Расчёт!$G$419&" из "&Расчёт!$H$419&IF(Расчёт!$I$419=0,""," · прошлая "&ROUND(MIN(1,Расчёт!$I$419/MAX(1,Расчёт!$H$418))*100,0)&" %"))
A54: =IF(OR(Расчёт!$D$419=0,Расчёт!$H$419=0),"","Просело: "&INDEX('Старт'!$E$12:$E$18,MAX(1,Расчёт!$D$419))&" — "&IF(INDEX('Старт'!$B$20:$B$26,MAX(1,Расчёт!$D$419))="","подтяни на этой неделе",INDEX('Старт'!$B$20:$B$26,MAX(1,Расчёт!$D$419))))
A55: =IF(Расчёт!$C$384=0,"Первая галочка — и месяц пошёл","Полных дней: "&Расчёт!$G$384&" · опыт за месяц: "&Расчёт!$I$384)
A56: =IF(Расчёт!$D$419=0,"Испытание появится в воскресенье","Испытание: "&INDEX('Старт'!$E$12:$E$18,MAX(1,Расчёт!$D$419))&" "&Расчёт!$E$419&" из 5"&IF(Расчёт!$F$419=1," ✓",""))
A57: ="Что мешало — и когда и где сделаю иначе?"
A58: Нед 1
A59: Нед 2
A60: Нед 3
A61: Нед 4
A62: Нед 5
A63: =SPARKLINE(Расчёт!$W$162:$W$191,{"charttype","column";"color","#22A35E";"empty","zero"})

Sheet Июл
A1: ="ИЮЛ 2026" | F1: =IF(Расчёт!$C$385=0,"Не идеально, а регулярно",ROUND(Расчёт!$F$385*100,0)&" % · "&Расчёт!$B$6&" "&Расчёт!$B$5)
A2: =IF(OR(Расчёт!$B$2=0,Расчёт!$B$4=0),"Не идеально, а регулярно",IF(INDEX(Расчёт!$AA:$AA,Расчёт!$B$2)>0,"Награда «Возвращение» · +15 опыта",IF(MAX(IF(AND('Старт'!$B$12<>"",IF('Старт'!$F$12="",7,'Старт'!$F$12)=7,INDEX(Расчёт!$I:$I,Расчёт!$B$2)=0,INDEX(Расчёт!$P:$P,Расчёт!$B$2)>1,N($J$39)>=3),1,0),IF(AND('Старт'!$B$13<>"",IF('Старт'!$F$13="",7,'Старт'!$F$13)=7,INDEX(Расчёт!$J:$J,Расчёт!$B$2)=0,INDEX(Расчёт!$Q:$Q,Расчёт!$B$2)>1,N($J$40)>=3),2,0),IF(AND('Старт'!$B$14<>"",IF('Старт'!$F$14="",7,'Старт'!$F$14)=7,INDEX(Расчёт!$K:$K,Расчёт!$B$2)=0,INDEX(Расчёт!$R:$R,Расчёт!$B$2)>1,N($J$41)>=3),3,0),IF(AND('Старт'!$B$15<>"",IF('Старт'!$F$15="",7,'Старт'!$F$15)=7,INDEX(Расчёт!$L:$L,Расчёт!$B$2)=0,INDEX(Расчёт!$S:$S,Расчёт!$B$2)>1,N($J$42)>=3),4,0),IF(AND('Старт'!$B$16<>"",IF('Старт'!$F$16="",7,'Старт'!$F$16)=7,INDEX(Расчёт!$M:$M,Расчёт!$B$2)=0,INDEX(Расчёт!$T:$T,Расчёт!$B$2)>1,N($J$43)>=3),5,0),IF(AND('Старт'!$B$17<>"",IF('Старт'!$F$17="",7,'Старт'!$F$17)=7,INDEX(Расчёт!$N:$N,Расчёт!$B$2)=0,INDEX(Расчёт!$U:$U,Расчёт!$B$2)>1,N($J$44)>=3),6,0),IF(AND('Старт'!$B$18<>"",IF('Старт'!$F$18="",7,'Старт'!$F$18)=7,INDEX(Расчёт!$O:$O,Расчёт!$B$2)=0,INDEX(Расчёт!$V:$V,Расчёт!$B$2)>1,N($J$45)>=3),7,0))>0,"Верни «"&INDEX('Старт'!$E$12:$E$18,MAX(1,MAX(IF(AND('Старт'!$B$12<>"",IF('Старт'!$F$12="",7,'Старт'!$F$12)=7,INDEX(Расчёт!$I:$I,Расчёт!$B$2)=0,INDEX(Расчёт!$P:$P,Расчёт!$B$2)>1,N($J$39)>=3),1,0),IF(AND('Старт'!$B$13<>"",IF('Старт'!$F$13="",7,'Старт'!$F$13)=7,INDEX(Расчёт!$J:$J,Расчёт!$B$2)=0,INDEX(Расчёт!$Q:$Q,Расчёт!$B$2)>1,N($J$40)>=3),2,0),IF(AND('Старт'!$B$14<>"",IF('Старт'!$F$14="",7,'Старт'!$F$14)=7,INDEX(Расчёт!$K:$K,Расчёт!$B$2)=0,INDEX(Расчёт!$R:$R,Расчёт!$B$2)>1,N($J$41)>=3),3,0),IF(AND('Старт'!$B$15<>"",IF('Старт'!$F$15="",7,'Старт'!$F$15)=7,INDEX(Расчёт!$L:$L,Расчёт!$B$2)=0,INDEX(Расчёт!$S:$S,Расчёт!$B$2)>1,N($J$42)>=3),4,0),IF(AND('Старт'!$B$16<>"",IF('Старт'!$F$16="",7,'Старт'!$F$16)=7,INDEX(Расчёт!$M:$M,Расчёт!$B$2)=0,INDEX(Расчёт!$T:$T,Расчёт!$B$2)>1,N($J$43)>=3),5,0),IF(AND('Старт'!$B$17<>"",IF('Старт'!$F$17="",7,'Старт'!$F$17)=7,INDEX(Расчёт!$N:$N,Расчёт!$B$2)=0,INDEX(Расчёт!$U:$U,Расчёт!$B$2)>1,N($J$44)>=3),6,0),IF(AND('Старт'!$B$18<>"",IF('Старт'!$F$18="",7,'Старт'!$F$18)=7,INDEX(Расчёт!$O:$O,Расчёт!$B$2)=0,INDEX(Расчёт!$V:$V,Расчёт!$B$2)>1,N($J$45)>=3),7,0))))&"» сегодня"&IF(INDEX('Старт'!$B$20:$B$26,MAX(1,MAX(IF(AND('Старт'!$B$12<>"",IF('Старт'!$F$12="",7,'Старт'!$F$12)=7,INDEX(Расчёт!$I:$I,Расчёт!$B$2)=0,INDEX(Расчёт!$P:$P,Расчёт!$B$2)>1,N($J$39)>=3),1,0),IF(AND('Старт'!$B$13<>"",IF('Старт'!$F$13="",7,'Старт'!$F$13)=7,INDEX(Расчёт!$J:$J,Расчёт!$B$2)=0,INDEX(Расчёт!$Q:$Q,Расчёт!$B$2)>1,N($J$40)>=3),2,0),IF(AND('Старт'!$B$14<>"",IF('Старт'!$F$14="",7,'Старт'!$F$14)=7,INDEX(Расчёт!$K:$K,Расчёт!$B$2)=0,INDEX(Расчёт!$R:$R,Расчёт!$B$2)>1,N($J$41)>=3),3,0),IF(AND('Старт'!$B$15<>"",IF('Старт'!$F$15="",7,'Старт'!$F$15)=7,INDEX(Расчёт!$L:$L,Расчёт!$B$2)=0,INDEX(Расчёт!$S:$S,Расчёт!$B$2)>1,N($J$42)>=3),4,0),IF(AND('Старт'!$B$16<>"",IF('Старт'!$F$16="",7,'Старт'!$F$16)=7,INDEX(Расчёт!$M:$M,Расчёт!$B$2)=0,INDEX(Расчёт!$T:$T,Расчёт!$B$2)>1,N($J$43)>=3),5,0),IF(AND('Старт'!$B$17<>"",IF('Старт'!$F$17="",7,'Старт'!$F$17)=7,INDEX(Расчёт!$N:$N,Расчёт!$B$2)=0,INDEX(Расчёт!$U:$U,Расчёт!$B$2)>1,N($J$44)>=3),6,0),IF(AND('Старт'!$B$18<>"",IF('Старт'!$F$18="",7,'Старт'!$F$18)=7,INDEX(Расчёт!$O:$O,Расчёт!$B$2)=0,INDEX(Расчёт!$V:$V,Расчёт!$B$2)>1,N($J$45)>=3),7,0))))="",""," — "&INDEX('Старт'!$B$20:$B$26,MAX(1,MAX(IF(AND('Старт'!$B$12<>"",IF('Старт'!$F$12="",7,'Старт'!$F$12)=7,INDEX(Расчёт!$I:$I,Расчёт!$B$2)=0,INDEX(Расчёт!$P:$P,Расчёт!$B$2)>1,N($J$39)>=3),1,0),IF(AND('Старт'!$B$13<>"",IF('Старт'!$F$13="",7,'Старт'!$F$13)=7,INDEX(Расчёт!$J:$J,Расчёт!$B$2)=0,INDEX(Расчёт!$Q:$Q,Расчёт!$B$2)>1,N($J$40)>=3),2,0),IF(AND('Старт'!$B$14<>"",IF('Старт'!$F$14="",7,'Старт'!$F$14)=7,INDEX(Расчёт!$K:$K,Расчёт!$B$2)=0,INDEX(Расчёт!$R:$R,Расчёт!$B$2)>1,N($J$41)>=3),3,0),IF(AND('Старт'!$B$15<>"",IF('Старт'!$F$15="",7,'Старт'!$F$15)=7,INDEX(Расчёт!$L:$L,Расчёт!$B$2)=0,INDEX(Расчёт!$S:$S,Расчёт!$B$2)>1,N($J$42)>=3),4,0),IF(AND('Старт'!$B$16<>"",IF('Старт'!$F$16="",7,'Старт'!$F$16)=7,INDEX(Расчёт!$M:$M,Расчёт!$B$2)=0,INDEX(Расчёт!$T:$T,Расчёт!$B$2)>1,N($J$43)>=3),5,0),IF(AND('Старт'!$B$17<>"",IF('Старт'!$F$17="",7,'Старт'!$F$17)=7,INDEX(Расчёт!$N:$N,Расчёт!$B$2)=0,INDEX(Расчёт!$U:$U,Расчёт!$B$2)>1,N($J$44)>=3),6,0),IF(AND('Старт'!$B$18<>"",IF('Старт'!$F$18="",7,'Старт'!$F$18)=7,INDEX(Расчёт!$O:$O,Расчёт!$B$2)=0,INDEX(Расчёт!$V:$V,Расчёт!$B$2)>1,N($J$45)>=3),7,0))))),IF(Расчёт!$F$423=1,"Испытание закрыто · +100 опыта","Уровень "&Расчёт!$B$5&" · "&Расчёт!$B$6))))
B3: =IF('Старт'!$B$12="","",'Старт'!$A$12) | C3: =IF('Старт'!$B$13="","",'Старт'!$A$13) | D3: =IF('Старт'!$B$14="","",'Старт'!$A$14) | E3: =IF('Старт'!$B$15="","",'Старт'!$A$15) | F3: =IF('Старт'!$B$16="","",'Старт'!$A$16) | G3: =IF('Старт'!$B$17="","",'Старт'!$A$17) | H3: =IF('Старт'!$B$18="","",'Старт'!$A$18)
B4: =IF('Старт'!$B$12="","",'Старт'!$E$12) | C4: =IF('Старт'!$B$13="","",'Старт'!$E$13) | D4: =IF('Старт'!$B$14="","",'Старт'!$E$14) | E4: =IF('Старт'!$B$15="","",'Старт'!$E$15) | F4: =IF('Старт'!$B$16="","",'Старт'!$E$16) | G4: =IF('Старт'!$B$17="","",'Старт'!$E$17) | H4: =IF('Старт'!$B$18="","",'Старт'!$E$18)
B5: =IF('Старт'!$B$12="","",IF(Расчёт!$B$2=0,"",IF(IF('Старт'!$F$12="",7,'Старт'!$F$12)<7,"ок",IF(INDEX(Расчёт!$I:$I,Расчёт!$B$2)=0,IF(AND(INDEX(Расчёт!$P:$P,Расчёт!$B$2)>1,$J$39>=3),"верни",""),IF(INDEX(Расчёт!$I:$I,Расчёт!$B$2)>=3,"🔥","")&INDEX(Расчёт!$I:$I,Расчёт!$B$2)&IF(INDEX(Расчёт!$P:$P,Расчёт!$B$2)<=1,"🛡",""))))) | C5: =IF('Старт'!$B$13="","",IF(Расчёт!$B$2=0,"",IF(IF('Старт'!$F$13="",7,'Старт'!$F$13)<7,"ок",IF(INDEX(Расчёт!$J:$J,Расчёт!$B$2)=0,IF(AND(INDEX(Расчёт!$Q:$Q,Расчёт!$B$2)>1,$J$40>=3),"верни",""),IF(INDEX(Расчёт!$J:$J,Расчёт!$B$2)>=3,"🔥","")&INDEX(Расчёт!$J:$J,Расчёт!$B$2)&IF(INDEX(Расчёт!$Q:$Q,Расчёт!$B$2)<=1,"🛡",""))))) | D5: =IF('Старт'!$B$14="","",IF(Расчёт!$B$2=0,"",IF(IF('Старт'!$F$14="",7,'Старт'!$F$14)<7,"ок",IF(INDEX(Расчёт!$K:$K,Расчёт!$B$2)=0,IF(AND(INDEX(Расчёт!$R:$R,Расчёт!$B$2)>1,$J$41>=3),"верни",""),IF(INDEX(Расчёт!$K:$K,Расчёт!$B$2)>=3,"🔥","")&INDEX(Расчёт!$K:$K,Расчёт!$B$2)&IF(INDEX(Расчёт!$R:$R,Расчёт!$B$2)<=1,"🛡",""))))) | E5: =IF('Старт'!$B$15="","",IF(Расчёт!$B$2=0,"",IF(IF('Старт'!$F$15="",7,'Старт'!$F$15)<7,"ок",IF(INDEX(Расчёт!$L:$L,Расчёт!$B$2)=0,IF(AND(INDEX(Расчёт!$S:$S,Расчёт!$B$2)>1,$J$42>=3),"верни",""),IF(INDEX(Расчёт!$L:$L,Расчёт!$B$2)>=3,"🔥","")&INDEX(Расчёт!$L:$L,Расчёт!$B$2)&IF(INDEX(Расчёт!$S:$S,Расчёт!$B$2)<=1,"🛡",""))))) | F5: =IF('Старт'!$B$16="","",IF(Расчёт!$B$2=0,"",IF(IF('Старт'!$F$16="",7,'Старт'!$F$16)<7,"ок",IF(INDEX(Расчёт!$M:$M,Расчёт!$B$2)=0,IF(AND(INDEX(Расчёт!$T:$T,Расчёт!$B$2)>1,$J$43>=3),"верни",""),IF(INDEX(Расчёт!$M:$M,Расчёт!$B$2)>=3,"🔥","")&INDEX(Расчёт!$M:$M,Расчёт!$B$2)&IF(INDEX(Расчёт!$T:$T,Расчёт!$B$2)<=1,"🛡",""))))) | G5: =IF('Старт'!$B$17="","",IF(Расчёт!$B$2=0,"",IF(IF('Старт'!$F$17="",7,'Старт'!$F$17)<7,"ок",IF(INDEX(Расчёт!$N:$N,Расчёт!$B$2)=0,IF(AND(INDEX(Расчёт!$U:$U,Расчёт!$B$2)>1,$J$44>=3),"верни",""),IF(INDEX(Расчёт!$N:$N,Расчёт!$B$2)>=3,"🔥","")&INDEX(Расчёт!$N:$N,Расчёт!$B$2)&IF(INDEX(Расчёт!$U:$U,Расчёт!$B$2)<=1,"🛡",""))))) | H5: =IF('Старт'!$B$18="","",IF(Расчёт!$B$2=0,"",IF(IF('Старт'!$F$18="",7,'Старт'!$F$18)<7,"ок",IF(INDEX(Расчёт!$O:$O,Расчёт!$B$2)=0,IF(AND(INDEX(Расчёт!$V:$V,Расчёт!$B$2)>1,$J$45>=3),"верни",""),IF(INDEX(Расчёт!$O:$O,Расчёт!$B$2)>=3,"🔥","")&INDEX(Расчёт!$O:$O,Расчёт!$B$2)&IF(INDEX(Расчёт!$V:$V,Расчёт!$B$2)<=1,"🛡",""))))) | I5: =Расчёт!$B$3 | J5: =IF(AND(YEAR(Расчёт!$B$1)=2026,MONTH(Расчёт!$B$1)=7),5+DAY(Расчёт!$B$1),0) | K5: =IF(WEEKDAY(Расчёт!$B$1,2)>=6,1,0) | L5: =Расчёт!$B$2
A6: =IF(Расчёт!$A$192=0,"Ср 1","Ср 1"&CHAR(10)&Расчёт!$W$192&"/"&$I$5) | B6: FALSE | C6: FALSE | D6: FALSE | E6: FALSE | F6: FALSE | G6: FALSE | H6: FALSE
A7: =IF(Расчёт!$A$193=0,"Чт 2","Чт 2"&CHAR(10)&Расчёт!$W$193&"/"&$I$5) | B7: FALSE | C7: FALSE | D7: FALSE | E7: FALSE | F7: FALSE | G7: FALSE | H7: FALSE
A8: =IF(Расчёт!$A$194=0,"Пт 3","Пт 3"&CHAR(10)&Расчёт!$W$194&"/"&$I$5) | B8: FALSE | C8: FALSE | D8: FALSE | E8: FALSE | F8: FALSE | G8: FALSE | H8: FALSE
A9: =IF(Расчёт!$A$195=0,"Сб 4","Сб 4"&CHAR(10)&Расчёт!$W$195&"/"&$I$5) | B9: FALSE | C9: FALSE | D9: FALSE | E9: FALSE | F9: FALSE | G9: FALSE | H9: FALSE
A10: =IF(Расчёт!$A$196=0,"Вс 5","Вс 5"&CHAR(10)&Расчёт!$W$196&"/"&$I$5) | B10: FALSE | C10: FALSE | D10: FALSE | E10: FALSE | F10: FALSE | G10: FALSE | H10: FALSE
A11: =IF(Расчёт!$A$197=0,"Пн 6","Пн 6"&CHAR(10)&Расчёт!$W$197&"/"&$I$5) | B11: FALSE | C11: FALSE | D11: FALSE | E11: FALSE | F11: FALSE | G11: FALSE | H11: FALSE
A12: =IF(Расчёт!$A$198=0,"Вт 7","Вт 7"&CHAR(10)&Расчёт!$W$198&"/"&$I$5) | B12: FALSE | C12: FALSE | D12: FALSE | E12: FALSE | F12: FALSE | G12: FALSE | H12: FALSE
A13: =IF(Расчёт!$A$199=0,"Ср 8","Ср 8"&CHAR(10)&Расчёт!$W$199&"/"&$I$5) | B13: FALSE | C13: FALSE | D13: FALSE | E13: FALSE | F13: FALSE | G13: FALSE | H13: FALSE
A14: =IF(Расчёт!$A$200=0,"Чт 9","Чт 9"&CHAR(10)&Расчёт!$W$200&"/"&$I$5) | B14: FALSE | C14: FALSE | D14: FALSE | E14: FALSE | F14: FALSE | G14: FALSE | H14: FALSE
A15: =IF(Расчёт!$A$201=0,"Пт 10","Пт 10"&CHAR(10)&Расчёт!$W$201&"/"&$I$5) | B15: FALSE | C15: FALSE | D15: FALSE | E15: FALSE | F15: FALSE | G15: FALSE | H15: FALSE
A16: =IF(Расчёт!$A$202=0,"Сб 11","Сб 11"&CHAR(10)&Расчёт!$W$202&"/"&$I$5) | B16: FALSE | C16: FALSE | D16: FALSE | E16: FALSE | F16: FALSE | G16: FALSE | H16: FALSE
A17: =IF(Расчёт!$A$203=0,"Вс 12","Вс 12"&CHAR(10)&Расчёт!$W$203&"/"&$I$5) | B17: FALSE | C17: FALSE | D17: FALSE | E17: FALSE | F17: FALSE | G17: FALSE | H17: FALSE
A18: =IF(Расчёт!$A$204=0,"Пн 13","Пн 13"&CHAR(10)&Расчёт!$W$204&"/"&$I$5) | B18: FALSE | C18: FALSE | D18: FALSE | E18: FALSE | F18: FALSE | G18: FALSE | H18: FALSE
A19: =IF(Расчёт!$A$205=0,"Вт 14","Вт 14"&CHAR(10)&Расчёт!$W$205&"/"&$I$5) | B19: FALSE | C19: FALSE | D19: FALSE | E19: FALSE | F19: FALSE | G19: FALSE | H19: FALSE
A20: =IF(Расчёт!$A$206=0,"Ср 15","Ср 15"&CHAR(10)&Расчёт!$W$206&"/"&$I$5) | B20: FALSE | C20: FALSE | D20: FALSE | E20: FALSE | F20: FALSE | G20: FALSE | H20: FALSE
A21: =IF(Расчёт!$A$207=0,"Чт 16","Чт 16"&CHAR(10)&Расчёт!$W$207&"/"&$I$5) | B21: FALSE | C21: FALSE | D21: FALSE | E21: FALSE | F21: FALSE | G21: FALSE | H21: FALSE
A22: =IF(Расчёт!$A$208=0,"Пт 17","Пт 17"&CHAR(10)&Расчёт!$W$208&"/"&$I$5) | B22: FALSE | C22: FALSE | D22: FALSE | E22: FALSE | F22: FALSE | G22: FALSE | H22: FALSE
A23: =IF(Расчёт!$A$209=0,"Сб 18","Сб 18"&CHAR(10)&Расчёт!$W$209&"/"&$I$5) | B23: FALSE | C23: FALSE | D23: FALSE | E23: FALSE | F23: FALSE | G23: FALSE | H23: FALSE
A24: =IF(Расчёт!$A$210=0,"Вс 19","Вс 19"&CHAR(10)&Расчёт!$W$210&"/"&$I$5) | B24: FALSE | C24: FALSE | D24: FALSE | E24: FALSE | F24: FALSE | G24: FALSE | H24: FALSE
A25: =IF(Расчёт!$A$211=0,"Пн 20","Пн 20"&CHAR(10)&Расчёт!$W$211&"/"&$I$5) | B25: FALSE | C25: FALSE | D25: FALSE | E25: FALSE | F25: FALSE | G25: FALSE | H25: FALSE
A26: =IF(Расчёт!$A$212=0,"Вт 21","Вт 21"&CHAR(10)&Расчёт!$W$212&"/"&$I$5) | B26: FALSE | C26: FALSE | D26: FALSE | E26: FALSE | F26: FALSE | G26: FALSE | H26: FALSE
A27: =IF(Расчёт!$A$213=0,"Ср 22","Ср 22"&CHAR(10)&Расчёт!$W$213&"/"&$I$5) | B27: FALSE | C27: FALSE | D27: FALSE | E27: FALSE | F27: FALSE | G27: FALSE | H27: FALSE
A28: =IF(Расчёт!$A$214=0,"Чт 23","Чт 23"&CHAR(10)&Расчёт!$W$214&"/"&$I$5) | B28: FALSE | C28: FALSE | D28: FALSE | E28: FALSE | F28: FALSE | G28: FALSE | H28: FALSE
A29: =IF(Расчёт!$A$215=0,"Пт 24","Пт 24"&CHAR(10)&Расчёт!$W$215&"/"&$I$5) | B29: FALSE | C29: FALSE | D29: FALSE | E29: FALSE | F29: FALSE | G29: FALSE | H29: FALSE
A30: =IF(Расчёт!$A$216=0,"Сб 25","Сб 25"&CHAR(10)&Расчёт!$W$216&"/"&$I$5) | B30: FALSE | C30: FALSE | D30: FALSE | E30: FALSE | F30: FALSE | G30: FALSE | H30: FALSE
A31: =IF(Расчёт!$A$217=0,"Вс 26","Вс 26"&CHAR(10)&Расчёт!$W$217&"/"&$I$5) | B31: FALSE | C31: FALSE | D31: FALSE | E31: FALSE | F31: FALSE | G31: FALSE | H31: FALSE
A32: =IF(Расчёт!$A$218=0,"Пн 27","Пн 27"&CHAR(10)&Расчёт!$W$218&"/"&$I$5) | B32: FALSE | C32: FALSE | D32: FALSE | E32: FALSE | F32: FALSE | G32: FALSE | H32: FALSE
A33: =IF(Расчёт!$A$219=0,"Вт 28","Вт 28"&CHAR(10)&Расчёт!$W$219&"/"&$I$5) | B33: FALSE | C33: FALSE | D33: FALSE | E33: FALSE | F33: FALSE | G33: FALSE | H33: FALSE
A34: =IF(Расчёт!$A$220=0,"Ср 29","Ср 29"&CHAR(10)&Расчёт!$W$220&"/"&$I$5) | B34: FALSE | C34: FALSE | D34: FALSE | E34: FALSE | F34: FALSE | G34: FALSE | H34: FALSE
A35: =IF(Расчёт!$A$221=0,"Чт 30","Чт 30"&CHAR(10)&Расчёт!$W$221&"/"&$I$5) | B35: FALSE | C35: FALSE | D35: FALSE | E35: FALSE | F35: FALSE | G35: FALSE | H35: FALSE
A36: =IF(Расчёт!$A$222=0,"Пт 31","Пт 31"&CHAR(10)&Расчёт!$W$222&"/"&$I$5) | B36: FALSE | C36: FALSE | D36: FALSE | E36: FALSE | F36: FALSE | G36: FALSE | H36: FALSE
A38: МОИ ПРИВЫЧКИ
A39: =IF('Старт'!$B$12="","",'Старт'!$A$12&" "&'Старт'!$B$12) | G39: =IF('Старт'!$B$12="","",SUM(Расчёт!$B$192:$B$222)&" из "&ROUND(IF('Старт'!$F$12="",7,'Старт'!$F$12)*31/7,0)) | I39: =IF('Старт'!$B$12="","",IF(Расчёт!$B$2=0,"",IF(IF('Старт'!$F$12="",7,'Старт'!$F$12)<7,"ок",IF(INDEX(Расчёт!$I:$I,Расчёт!$B$2)=0,IF(AND(INDEX(Расчёт!$P:$P,Расчёт!$B$2)>1,$J$39>=3),"верни",""),IF(INDEX(Расчёт!$I:$I,Расчёт!$B$2)>=3,"🔥","")&INDEX(Расчёт!$I:$I,Расчёт!$B$2)&IF(INDEX(Расчёт!$P:$P,Расчёт!$B$2)<=1,"🛡",""))))) | J39: =IF('Старт'!$B$12="","",MAX(Расчёт!$I$192:$I$222)) | K39: =IF(OR('Старт'!$B$12="",Расчёт!$C$385=0),"",MIN(1,SUM(Расчёт!$B$192:$B$222)/MAX(1,ROUND(IF('Старт'!$F$12="",7,'Старт'!$F$12)*31/7,0)*Расчёт!$C$385/31))) | L39: =IF($K$39="","",SPARKLINE($K$39,{"charttype","bar";"max",1;"color1","#22A35E";"color2","#262B38"}))
A40: =IF('Старт'!$B$13="","",'Старт'!$A$13&" "&'Старт'!$B$13) | G40: =IF('Старт'!$B$13="","",SUM(Расчёт!$C$192:$C$222)&" из "&ROUND(IF('Старт'!$F$13="",7,'Старт'!$F$13)*31/7,0)) | I40: =IF('Старт'!$B$13="","",IF(Расчёт!$B$2=0,"",IF(IF('Старт'!$F$13="",7,'Старт'!$F$13)<7,"ок",IF(INDEX(Расчёт!$J:$J,Расчёт!$B$2)=0,IF(AND(INDEX(Расчёт!$Q:$Q,Расчёт!$B$2)>1,$J$40>=3),"верни",""),IF(INDEX(Расчёт!$J:$J,Расчёт!$B$2)>=3,"🔥","")&INDEX(Расчёт!$J:$J,Расчёт!$B$2)&IF(INDEX(Расчёт!$Q:$Q,Расчёт!$B$2)<=1,"🛡",""))))) | J40: =IF('Старт'!$B$13="","",MAX(Расчёт!$J$192:$J$222)) | K40: =IF(OR('Старт'!$B$13="",Расчёт!$C$385=0),"",MIN(1,SUM(Расчёт!$C$192:$C$222)/MAX(1,ROUND(IF('Старт'!$F$13="",7,'Старт'!$F$13)*31/7,0)*Расчёт!$C$385/31))) | L40: =IF($K$40="","",SPARKLINE($K$40,{"charttype","bar";"max",1;"color1","#22A35E";"color2","#262B38"}))
A41: =IF('Старт'!$B$14="","",'Старт'!$A$14&" "&'Старт'!$B$14) | G41: =IF('Старт'!$B$14="","",SUM(Расчёт!$D$192:$D$222)&" из "&ROUND(IF('Старт'!$F$14="",7,'Старт'!$F$14)*31/7,0)) | I41: =IF('Старт'!$B$14="","",IF(Расчёт!$B$2=0,"",IF(IF('Старт'!$F$14="",7,'Старт'!$F$14)<7,"ок",IF(INDEX(Расчёт!$K:$K,Расчёт!$B$2)=0,IF(AND(INDEX(Расчёт!$R:$R,Расчёт!$B$2)>1,$J$41>=3),"верни",""),IF(INDEX(Расчёт!$K:$K,Расчёт!$B$2)>=3,"🔥","")&INDEX(Расчёт!$K:$K,Расчёт!$B$2)&IF(INDEX(Расчёт!$R:$R,Расчёт!$B$2)<=1,"🛡",""))))) | J41: =IF('Старт'!$B$14="","",MAX(Расчёт!$K$192:$K$222)) | K41: =IF(OR('Старт'!$B$14="",Расчёт!$C$385=0),"",MIN(1,SUM(Расчёт!$D$192:$D$222)/MAX(1,ROUND(IF('Старт'!$F$14="",7,'Старт'!$F$14)*31/7,0)*Расчёт!$C$385/31))) | L41: =IF($K$41="","",SPARKLINE($K$41,{"charttype","bar";"max",1;"color1","#22A35E";"color2","#262B38"}))
A42: =IF('Старт'!$B$15="","",'Старт'!$A$15&" "&'Старт'!$B$15) | G42: =IF('Старт'!$B$15="","",SUM(Расчёт!$E$192:$E$222)&" из "&ROUND(IF('Старт'!$F$15="",7,'Старт'!$F$15)*31/7,0)) | I42: =IF('Старт'!$B$15="","",IF(Расчёт!$B$2=0,"",IF(IF('Старт'!$F$15="",7,'Старт'!$F$15)<7,"ок",IF(INDEX(Расчёт!$L:$L,Расчёт!$B$2)=0,IF(AND(INDEX(Расчёт!$S:$S,Расчёт!$B$2)>1,$J$42>=3),"верни",""),IF(INDEX(Расчёт!$L:$L,Расчёт!$B$2)>=3,"🔥","")&INDEX(Расчёт!$L:$L,Расчёт!$B$2)&IF(INDEX(Расчёт!$S:$S,Расчёт!$B$2)<=1,"🛡",""))))) | J42: =IF('Старт'!$B$15="","",MAX(Расчёт!$L$192:$L$222)) | K42: =IF(OR('Старт'!$B$15="",Расчёт!$C$385=0),"",MIN(1,SUM(Расчёт!$E$192:$E$222)/MAX(1,ROUND(IF('Старт'!$F$15="",7,'Старт'!$F$15)*31/7,0)*Расчёт!$C$385/31))) | L42: =IF($K$42="","",SPARKLINE($K$42,{"charttype","bar";"max",1;"color1","#22A35E";"color2","#262B38"}))
A43: =IF('Старт'!$B$16="","",'Старт'!$A$16&" "&'Старт'!$B$16) | G43: =IF('Старт'!$B$16="","",SUM(Расчёт!$F$192:$F$222)&" из "&ROUND(IF('Старт'!$F$16="",7,'Старт'!$F$16)*31/7,0)) | I43: =IF('Старт'!$B$16="","",IF(Расчёт!$B$2=0,"",IF(IF('Старт'!$F$16="",7,'Старт'!$F$16)<7,"ок",IF(INDEX(Расчёт!$M:$M,Расчёт!$B$2)=0,IF(AND(INDEX(Расчёт!$T:$T,Расчёт!$B$2)>1,$J$43>=3),"верни",""),IF(INDEX(Расчёт!$M:$M,Расчёт!$B$2)>=3,"🔥","")&INDEX(Расчёт!$M:$M,Расчёт!$B$2)&IF(INDEX(Расчёт!$T:$T,Расчёт!$B$2)<=1,"🛡",""))))) | J43: =IF('Старт'!$B$16="","",MAX(Расчёт!$M$192:$M$222)) | K43: =IF(OR('Старт'!$B$16="",Расчёт!$C$385=0),"",MIN(1,SUM(Расчёт!$F$192:$F$222)/MAX(1,ROUND(IF('Старт'!$F$16="",7,'Старт'!$F$16)*31/7,0)*Расчёт!$C$385/31))) | L43: =IF($K$43="","",SPARKLINE($K$43,{"charttype","bar";"max",1;"color1","#22A35E";"color2","#262B38"}))
A44: =IF('Старт'!$B$17="","",'Старт'!$A$17&" "&'Старт'!$B$17) | G44: =IF('Старт'!$B$17="","",SUM(Расчёт!$G$192:$G$222)&" из "&ROUND(IF('Старт'!$F$17="",7,'Старт'!$F$17)*31/7,0)) | I44: =IF('Старт'!$B$17="","",IF(Расчёт!$B$2=0,"",IF(IF('Старт'!$F$17="",7,'Старт'!$F$17)<7,"ок",IF(INDEX(Расчёт!$N:$N,Расчёт!$B$2)=0,IF(AND(INDEX(Расчёт!$U:$U,Расчёт!$B$2)>1,$J$44>=3),"верни",""),IF(INDEX(Расчёт!$N:$N,Расчёт!$B$2)>=3,"🔥","")&INDEX(Расчёт!$N:$N,Расчёт!$B$2)&IF(INDEX(Расчёт!$U:$U,Расчёт!$B$2)<=1,"🛡",""))))) | J44: =IF('Старт'!$B$17="","",MAX(Расчёт!$N$192:$N$222)) | K44: =IF(OR('Старт'!$B$17="",Расчёт!$C$385=0),"",MIN(1,SUM(Расчёт!$G$192:$G$222)/MAX(1,ROUND(IF('Старт'!$F$17="",7,'Старт'!$F$17)*31/7,0)*Расчёт!$C$385/31))) | L44: =IF($K$44="","",SPARKLINE($K$44,{"charttype","bar";"max",1;"color1","#22A35E";"color2","#262B38"}))
A45: =IF('Старт'!$B$18="","",'Старт'!$A$18&" "&'Старт'!$B$18) | G45: =IF('Старт'!$B$18="","",SUM(Расчёт!$H$192:$H$222)&" из "&ROUND(IF('Старт'!$F$18="",7,'Старт'!$F$18)*31/7,0)) | I45: =IF('Старт'!$B$18="","",IF(Расчёт!$B$2=0,"",IF(IF('Старт'!$F$18="",7,'Старт'!$F$18)<7,"ок",IF(INDEX(Расчёт!$O:$O,Расчёт!$B$2)=0,IF(AND(INDEX(Расчёт!$V:$V,Расчёт!$B$2)>1,$J$45>=3),"верни",""),IF(INDEX(Расчёт!$O:$O,Расчёт!$B$2)>=3,"🔥","")&INDEX(Расчёт!$O:$O,Расчёт!$B$2)&IF(INDEX(Расчёт!$V:$V,Расчёт!$B$2)<=1,"🛡",""))))) | J45: =IF('Старт'!$B$18="","",MAX(Расчёт!$O$192:$O$222)) | K45: =IF(OR('Старт'!$B$18="",Расчёт!$C$385=0),"",MIN(1,SUM(Расчёт!$H$192:$H$222)/MAX(1,ROUND(IF('Старт'!$F$18="",7,'Старт'!$F$18)*31/7,0)*Расчёт!$C$385/31))) | L45: =IF($K$45="","",SPARKLINE($K$45,{"charttype","bar";"max",1;"color1","#22A35E";"color2","#262B38"}))
A47: ЦЕЛИ МЕСЯЦА
A48: FALSE
A49: FALSE
A50: FALSE
A52: НЕДЕЛЯ
A53: =IF(Расчёт!$H$423=0,"Первая неделя закроется в воскресенье","Неделя · "&Расчёт!$G$423&" из "&Расчёт!$H$423&IF(Расчёт!$I$423=0,""," · прошлая "&ROUND(MIN(1,Расчёт!$I$423/MAX(1,Расчёт!$H$422))*100,0)&" %"))
A54: =IF(OR(Расчёт!$D$423=0,Расчёт!$H$423=0),"","Просело: "&INDEX('Старт'!$E$12:$E$18,MAX(1,Расчёт!$D$423))&" — "&IF(INDEX('Старт'!$B$20:$B$26,MAX(1,Расчёт!$D$423))="","подтяни на этой неделе",INDEX('Старт'!$B$20:$B$26,MAX(1,Расчёт!$D$423))))
A55: =IF(Расчёт!$C$385=0,"Первая галочка — и месяц пошёл","Полных дней: "&Расчёт!$G$385&" · опыт за месяц: "&Расчёт!$I$385)
A56: =IF(Расчёт!$D$423=0,"Испытание появится в воскресенье","Испытание: "&INDEX('Старт'!$E$12:$E$18,MAX(1,Расчёт!$D$423))&" "&Расчёт!$E$423&" из 5"&IF(Расчёт!$F$423=1," ✓",""))
A57: ="Что мешало — и когда и где сделаю иначе?"
A58: Нед 1
A59: Нед 2
A60: Нед 3
A61: Нед 4
A62: Нед 5
A63: =SPARKLINE(Расчёт!$W$192:$W$222,{"charttype","column";"color","#22A35E";"empty","zero"})

Sheet Авг
A1: ="АВГ 2026" | F1: =IF(Расчёт!$C$386=0,"Не идеально, а регулярно",ROUND(Расчёт!$F$386*100,0)&" % · "&Расчёт!$B$6&" "&Расчёт!$B$5)
A2: =IF(OR(Расчёт!$B$2=0,Расчёт!$B$4=0),"Не идеально, а регулярно",IF(INDEX(Расчёт!$AA:$AA,Расчёт!$B$2)>0,"Награда «Возвращение» · +15 опыта",IF(MAX(IF(AND('Старт'!$B$12<>"",IF('Старт'!$F$12="",7,'Старт'!$F$12)=7,INDEX(Расчёт!$I:$I,Расчёт!$B$2)=0,INDEX(Расчёт!$P:$P,Расчёт!$B$2)>1,N($J$39)>=3),1,0),IF(AND('Старт'!$B$13<>"",IF('Старт'!$F$13="",7,'Старт'!$F$13)=7,INDEX(Расчёт!$J:$J,Расчёт!$B$2)=0,INDEX(Расчёт!$Q:$Q,Расчёт!$B$2)>1,N($J$40)>=3),2,0),IF(AND('Старт'!$B$14<>"",IF('Старт'!$F$14="",7,'Старт'!$F$14)=7,INDEX(Расчёт!$K:$K,Расчёт!$B$2)=0,INDEX(Расчёт!$R:$R,Расчёт!$B$2)>1,N($J$41)>=3),3,0),IF(AND('Старт'!$B$15<>"",IF('Старт'!$F$15="",7,'Старт'!$F$15)=7,INDEX(Расчёт!$L:$L,Расчёт!$B$2)=0,INDEX(Расчёт!$S:$S,Расчёт!$B$2)>1,N($J$42)>=3),4,0),IF(AND('Старт'!$B$16<>"",IF('Старт'!$F$16="",7,'Старт'!$F$16)=7,INDEX(Расчёт!$M:$M,Расчёт!$B$2)=0,INDEX(Расчёт!$T:$T,Расчёт!$B$2)>1,N($J$43)>=3),5,0),IF(AND('Старт'!$B$17<>"",IF('Старт'!$F$17="",7,'Старт'!$F$17)=7,INDEX(Расчёт!$N:$N,Расчёт!$B$2)=0,INDEX(Расчёт!$U:$U,Расчёт!$B$2)>1,N($J$44)>=3),6,0),IF(AND('Старт'!$B$18<>"",IF('Старт'!$F$18="",7,'Старт'!$F$18)=7,INDEX(Расчёт!$O:$O,Расчёт!$B$2)=0,INDEX(Расчёт!$V:$V,Расчёт!$B$2)>1,N($J$45)>=3),7,0))>0,"Верни «"&INDEX('Старт'!$E$12:$E$18,MAX(1,MAX(IF(AND('Старт'!$B$12<>"",IF('Старт'!$F$12="",7,'Старт'!$F$12)=7,INDEX(Расчёт!$I:$I,Расчёт!$B$2)=0,INDEX(Расчёт!$P:$P,Расчёт!$B$2)>1,N($J$39)>=3),1,0),IF(AND('Старт'!$B$13<>"",IF('Старт'!$F$13="",7,'Старт'!$F$13)=7,INDEX(Расчёт!$J:$J,Расчёт!$B$2)=0,INDEX(Расчёт!$Q:$Q,Расчёт!$B$2)>1,N($J$40)>=3),2,0),IF(AND('Старт'!$B$14<>"",IF('Старт'!$F$14="",7,'Старт'!$F$14)=7,INDEX(Расчёт!$K:$K,Расчёт!$B$2)=0,INDEX(Расчёт!$R:$R,Расчёт!$B$2)>1,N($J$41)>=3),3,0),IF(AND('Старт'!$B$15<>"",IF('Старт'!$F$15="",7,'Старт'!$F$15)=7,INDEX(Расчёт!$L:$L,Расчёт!$B$2)=0,INDEX(Расчёт!$S:$S,Расчёт!$B$2)>1,N($J$42)>=3),4,0),IF(AND('Старт'!$B$16<>"",IF('Старт'!$F$16="",7,'Старт'!$F$16)=7,INDEX(Расчёт!$M:$M,Расчёт!$B$2)=0,INDEX(Расчёт!$T:$T,Расчёт!$B$2)>1,N($J$43)>=3),5,0),IF(AND('Старт'!$B$17<>"",IF('Старт'!$F$17="",7,'Старт'!$F$17)=7,INDEX(Расчёт!$N:$N,Расчёт!$B$2)=0,INDEX(Расчёт!$U:$U,Расчёт!$B$2)>1,N($J$44)>=3),6,0),IF(AND('Старт'!$B$18<>"",IF('Старт'!$F$18="",7,'Старт'!$F$18)=7,INDEX(Расчёт!$O:$O,Расчёт!$B$2)=0,INDEX(Расчёт!$V:$V,Расчёт!$B$2)>1,N($J$45)>=3),7,0))))&"» сегодня"&IF(INDEX('Старт'!$B$20:$B$26,MAX(1,MAX(IF(AND('Старт'!$B$12<>"",IF('Старт'!$F$12="",7,'Старт'!$F$12)=7,INDEX(Расчёт!$I:$I,Расчёт!$B$2)=0,INDEX(Расчёт!$P:$P,Расчёт!$B$2)>1,N($J$39)>=3),1,0),IF(AND('Старт'!$B$13<>"",IF('Старт'!$F$13="",7,'Старт'!$F$13)=7,INDEX(Расчёт!$J:$J,Расчёт!$B$2)=0,INDEX(Расчёт!$Q:$Q,Расчёт!$B$2)>1,N($J$40)>=3),2,0),IF(AND('Старт'!$B$14<>"",IF('Старт'!$F$14="",7,'Старт'!$F$14)=7,INDEX(Расчёт!$K:$K,Расчёт!$B$2)=0,INDEX(Расчёт!$R:$R,Расчёт!$B$2)>1,N($J$41)>=3),3,0),IF(AND('Старт'!$B$15<>"",IF('Старт'!$F$15="",7,'Старт'!$F$15)=7,INDEX(Расчёт!$L:$L,Расчёт!$B$2)=0,INDEX(Расчёт!$S:$S,Расчёт!$B$2)>1,N($J$42)>=3),4,0),IF(AND('Старт'!$B$16<>"",IF('Старт'!$F$16="",7,'Старт'!$F$16)=7,INDEX(Расчёт!$M:$M,Расчёт!$B$2)=0,INDEX(Расчёт!$T:$T,Расчёт!$B$2)>1,N($J$43)>=3),5,0),IF(AND('Старт'!$B$17<>"",IF('Старт'!$F$17="",7,'Старт'!$F$17)=7,INDEX(Расчёт!$N:$N,Расчёт!$B$2)=0,INDEX(Расчёт!$U:$U,Расчёт!$B$2)>1,N($J$44)>=3),6,0),IF(AND('Старт'!$B$18<>"",IF('Старт'!$F$18="",7,'Старт'!$F$18)=7,INDEX(Расчёт!$O:$O,Расчёт!$B$2)=0,INDEX(Расчёт!$V:$V,Расчёт!$B$2)>1,N($J$45)>=3),7,0))))="",""," — "&INDEX('Старт'!$B$20:$B$26,MAX(1,MAX(IF(AND('Старт'!$B$12<>"",IF('Старт'!$F$12="",7,'Старт'!$F$12)=7,INDEX(Расчёт!$I:$I,Расчёт!$B$2)=0,INDEX(Расчёт!$P:$P,Расчёт!$B$2)>1,N($J$39)>=3),1,0),IF(AND('Старт'!$B$13<>"",IF('Старт'!$F$13="",7,'Старт'!$F$13)=7,INDEX(Расчёт!$J:$J,Расчёт!$B$2)=0,INDEX(Расчёт!$Q:$Q,Расчёт!$B$2)>1,N($J$40)>=3),2,0),IF(AND('Старт'!$B$14<>"",IF('Старт'!$F$14="",7,'Старт'!$F$14)=7,INDEX(Расчёт!$K:$K,Расчёт!$B$2)=0,INDEX(Расчёт!$R:$R,Расчёт!$B$2)>1,N($J$41)>=3),3,0),IF(AND('Старт'!$B$15<>"",IF('Старт'!$F$15="",7,'Старт'!$F$15)=7,INDEX(Расчёт!$L:$L,Расчёт!$B$2)=0,INDEX(Расчёт!$S:$S,Расчёт!$B$2)>1,N($J$42)>=3),4,0),IF(AND('Старт'!$B$16<>"",IF('Старт'!$F$16="",7,'Старт'!$F$16)=7,INDEX(Расчёт!$M:$M,Расчёт!$B$2)=0,INDEX(Расчёт!$T:$T,Расчёт!$B$2)>1,N($J$43)>=3),5,0),IF(AND('Старт'!$B$17<>"",IF('Старт'!$F$17="",7,'Старт'!$F$17)=7,INDEX(Расчёт!$N:$N,Расчёт!$B$2)=0,INDEX(Расчёт!$U:$U,Расчёт!$B$2)>1,N($J$44)>=3),6,0),IF(AND('Старт'!$B$18<>"",IF('Старт'!$F$18="",7,'Старт'!$F$18)=7,INDEX(Расчёт!$O:$O,Расчёт!$B$2)=0,INDEX(Расчёт!$V:$V,Расчёт!$B$2)>1,N($J$45)>=3),7,0))))),IF(Расчёт!$F$428=1,"Испытание закрыто · +100 опыта","Уровень "&Расчёт!$B$5&" · "&Расчёт!$B$6))))
B3: =IF('Старт'!$B$12="","",'Старт'!$A$12) | C3: =IF('Старт'!$B$13="","",'Старт'!$A$13) | D3: =IF('Старт'!$B$14="","",'Старт'!$A$14) | E3: =IF('Старт'!$B$15="","",'Старт'!$A$15) | F3: =IF('Старт'!$B$16="","",'Старт'!$A$16) | G3: =IF('Старт'!$B$17="","",'Старт'!$A$17) | H3: =IF('Старт'!$B$18="","",'Старт'!$A$18)
B4: =IF('Старт'!$B$12="","",'Старт'!$E$12) | C4: =IF('Старт'!$B$13="","",'Старт'!$E$13) | D4: =IF('Старт'!$B$14="","",'Старт'!$E$14) | E4: =IF('Старт'!$B$15="","",'Старт'!$E$15) | F4: =IF('Старт'!$B$16="","",'Старт'!$E$16) | G4: =IF('Старт'!$B$17="","",'Старт'!$E$17) | H4: =IF('Старт'!$B$18="","",'Старт'!$E$18)
B5: =IF('Старт'!$B$12="","",IF(Расчёт!$B$2=0,"",IF(IF('Старт'!$F$12="",7,'Старт'!$F$12)<7,"ок",IF(INDEX(Расчёт!$I:$I,Расчёт!$B$2)=0,IF(AND(INDEX(Расчёт!$P:$P,Расчёт!$B$2)>1,$J$39>=3),"верни",""),IF(INDEX(Расчёт!$I:$I,Расчёт!$B$2)>=3,"🔥","")&INDEX(Расчёт!$I:$I,Расчёт!$B$2)&IF(INDEX(Расчёт!$P:$P,Расчёт!$B$2)<=1,"🛡",""))))) | C5: =IF('Старт'!$B$13="","",IF(Расчёт!$B$2=0,"",IF(IF('Старт'!$F$13="",7,'Старт'!$F$13)<7,"ок",IF(INDEX(Расчёт!$J:$J,Расчёт!$B$2)=0,IF(AND(INDEX(Расчёт!$Q:$Q,Расчёт!$B$2)>1,$J$40>=3),"верни",""),IF(INDEX(Расчёт!$J:$J,Расчёт!$B$2)>=3,"🔥","")&INDEX(Расчёт!$J:$J,Расчёт!$B$2)&IF(INDEX(Расчёт!$Q:$Q,Расчёт!$B$2)<=1,"🛡",""))))) | D5: =IF('Старт'!$B$14="","",IF(Расчёт!$B$2=0,"",IF(IF('Старт'!$F$14="",7,'Старт'!$F$14)<7,"ок",IF(INDEX(Расчёт!$K:$K,Расчёт!$B$2)=0,IF(AND(INDEX(Расчёт!$R:$R,Расчёт!$B$2)>1,$J$41>=3),"верни",""),IF(INDEX(Расчёт!$K:$K,Расчёт!$B$2)>=3,"🔥","")&INDEX(Расчёт!$K:$K,Расчёт!$B$2)&IF(INDEX(Расчёт!$R:$R,Расчёт!$B$2)<=1,"🛡",""))))) | E5: =IF('Старт'!$B$15="","",IF(Расчёт!$B$2=0,"",IF(IF('Старт'!$F$15="",7,'Старт'!$F$15)<7,"ок",IF(INDEX(Расчёт!$L:$L,Расчёт!$B$2)=0,IF(AND(INDEX(Расчёт!$S:$S,Расчёт!$B$2)>1,$J$42>=3),"верни",""),IF(INDEX(Расчёт!$L:$L,Расчёт!$B$2)>=3,"🔥","")&INDEX(Расчёт!$L:$L,Расчёт!$B$2)&IF(INDEX(Расчёт!$S:$S,Расчёт!$B$2)<=1,"🛡",""))))) | F5: =IF('Старт'!$B$16="","",IF(Расчёт!$B$2=0,"",IF(IF('Старт'!$F$16="",7,'Старт'!$F$16)<7,"ок",IF(INDEX(Расчёт!$M:$M,Расчёт!$B$2)=0,IF(AND(INDEX(Расчёт!$T:$T,Расчёт!$B$2)>1,$J$43>=3),"верни",""),IF(INDEX(Расчёт!$M:$M,Расчёт!$B$2)>=3,"🔥","")&INDEX(Расчёт!$M:$M,Расчёт!$B$2)&IF(INDEX(Расчёт!$T:$T,Расчёт!$B$2)<=1,"🛡",""))))) | G5: =IF('Старт'!$B$17="","",IF(Расчёт!$B$2=0,"",IF(IF('Старт'!$F$17="",7,'Старт'!$F$17)<7,"ок",IF(INDEX(Расчёт!$N:$N,Расчёт!$B$2)=0,IF(AND(INDEX(Расчёт!$U:$U,Расчёт!$B$2)>1,$J$44>=3),"верни",""),IF(INDEX(Расчёт!$N:$N,Расчёт!$B$2)>=3,"🔥","")&INDEX(Расчёт!$N:$N,Расчёт!$B$2)&IF(INDEX(Расчёт!$U:$U,Расчёт!$B$2)<=1,"🛡",""))))) | H5: =IF('Старт'!$B$18="","",IF(Расчёт!$B$2=0,"",IF(IF('Старт'!$F$18="",7,'Старт'!$F$18)<7,"ок",IF(INDEX(Расчёт!$O:$O,Расчёт!$B$2)=0,IF(AND(INDEX(Расчёт!$V:$V,Расчёт!$B$2)>1,$J$45>=3),"верни",""),IF(INDEX(Расчёт!$O:$O,Расчёт!$B$2)>=3,"🔥","")&INDEX(Расчёт!$O:$O,Расчёт!$B$2)&IF(INDEX(Расчёт!$V:$V,Расчёт!$B$2)<=1,"🛡",""))))) | I5: =Расчёт!$B$3 | J5: =IF(AND(YEAR(Расчёт!$B$1)=2026,MONTH(Расчёт!$B$1)=8),5+DAY(Расчёт!$B$1),0) | K5: =IF(WEEKDAY(Расчёт!$B$1,2)>=6,1,0) | L5: =Расчёт!$B$2
A6: =IF(Расчёт!$A$223=0,"Сб 1","Сб 1"&CHAR(10)&Расчёт!$W$223&"/"&$I$5) | B6: FALSE | C6: FALSE | D6: FALSE | E6: FALSE | F6: FALSE | G6: FALSE | H6: FALSE
A7: =IF(Расчёт!$A$224=0,"Вс 2","Вс 2"&CHAR(10)&Расчёт!$W$224&"/"&$I$5) | B7: FALSE | C7: FALSE | D7: FALSE | E7: FALSE | F7: FALSE | G7: FALSE | H7: FALSE
A8: =IF(Расчёт!$A$225=0,"Пн 3","Пн 3"&CHAR(10)&Расчёт!$W$225&"/"&$I$5) | B8: FALSE | C8: FALSE | D8: FALSE | E8: FALSE | F8: FALSE | G8: FALSE | H8: FALSE
A9: =IF(Расчёт!$A$226=0,"Вт 4","Вт 4"&CHAR(10)&Расчёт!$W$226&"/"&$I$5) | B9: FALSE | C9: FALSE | D9: FALSE | E9: FALSE | F9: FALSE | G9: FALSE | H9: FALSE
A10: =IF(Расчёт!$A$227=0,"Ср 5","Ср 5"&CHAR(10)&Расчёт!$W$227&"/"&$I$5) | B10: FALSE | C10: FALSE | D10: FALSE | E10: FALSE | F10: FALSE | G10: FALSE | H10: FALSE
A11: =IF(Расчёт!$A$228=0,"Чт 6","Чт 6"&CHAR(10)&Расчёт!$W$228&"/"&$I$5) | B11: FALSE | C11: FALSE | D11: FALSE | E11: FALSE | F11: FALSE | G11: FALSE | H11: FALSE
A12: =IF(Расчёт!$A$229=0,"Пт 7","Пт 7"&CHAR(10)&Расчёт!$W$229&"/"&$I$5) | B12: FALSE | C12: FALSE | D12: FALSE | E12: FALSE | F12: FALSE | G12: FALSE | H12: FALSE
A13: =IF(Расчёт!$A$230=0,"Сб 8","Сб 8"&CHAR(10)&Расчёт!$W$230&"/"&$I$5) | B13: FALSE | C13: FALSE | D13: FALSE | E13: FALSE | F13: FALSE | G13: FALSE | H13: FALSE
A14: =IF(Расчёт!$A$231=0,"Вс 9","Вс 9"&CHAR(10)&Расчёт!$W$231&"/"&$I$5) | B14: FALSE | C14: FALSE | D14: FALSE | E14: FALSE | F14: FALSE | G14: FALSE | H14: FALSE
A15: =IF(Расчёт!$A$232=0,"Пн 10","Пн 10"&CHAR(10)&Расчёт!$W$232&"/"&$I$5) | B15: FALSE | C15: FALSE | D15: FALSE | E15: FALSE | F15: FALSE | G15: FALSE | H15: FALSE
A16: =IF(Расчёт!$A$233=0,"Вт 11","Вт 11"&CHAR(10)&Расчёт!$W$233&"/"&$I$5) | B16: FALSE | C16: FALSE | D16: FALSE | E16: FALSE | F16: FALSE | G16: FALSE | H16: FALSE
A17: =IF(Расчёт!$A$234=0,"Ср 12","Ср 12"&CHAR(10)&Расчёт!$W$234&"/"&$I$5) | B17: FALSE | C17: FALSE | D17: FALSE | E17: FALSE | F17: FALSE | G17: FALSE | H17: FALSE
A18: =IF(Расчёт!$A$235=0,"Чт 13","Чт 13"&CHAR(10)&Расчёт!$W$235&"/"&$I$5) | B18: FALSE | C18: FALSE | D18: FALSE | E18: FALSE | F18: FALSE | G18: FALSE | H18: FALSE
A19: =IF(Расчёт!$A$236=0,"Пт 14","Пт 14"&CHAR(10)&Расчёт!$W$236&"/"&$I$5) | B19: FALSE | C19: FALSE | D19: FALSE | E19: FALSE | F19: FALSE | G19: FALSE | H19: FALSE
A20: =IF(Расчёт!$A$237=0,"Сб 15","Сб 15"&CHAR(10)&Расчёт!$W$237&"/"&$I$5) | B20: FALSE | C20: FALSE | D20: FALSE | E20: FALSE | F20: FALSE | G20: FALSE | H20: FALSE
A21: =IF(Расчёт!$A$238=0,"Вс 16","Вс 16"&CHAR(10)&Расчёт!$W$238&"/"&$I$5) | B21: FALSE | C21: FALSE | D21: FALSE | E21: FALSE | F21: FALSE | G21: FALSE | H21: FALSE
A22: =IF(Расчёт!$A$239=0,"Пн 17","Пн 17"&CHAR(10)&Расчёт!$W$239&"/"&$I$5) | B22: FALSE | C22: FALSE | D22: FALSE | E22: FALSE | F22: FALSE | G22: FALSE | H22: FALSE
A23: =IF(Расчёт!$A$240=0,"Вт 18","Вт 18"&CHAR(10)&Расчёт!$W$240&"/"&$I$5) | B23: FALSE | C23: FALSE | D23: FALSE | E23: FALSE | F23: FALSE | G23: FALSE | H23: FALSE
A24: =IF(Расчёт!$A$241=0,"Ср 19","Ср 19"&CHAR(10)&Расчёт!$W$241&"/"&$I$5) | B24: FALSE | C24: FALSE | D24: FALSE | E24: FALSE | F24: FALSE | G24: FALSE | H24: FALSE
A25: =IF(Расчёт!$A$242=0,"Чт 20","Чт 20"&CHAR(10)&Расчёт!$W$242&"/"&$I$5) | B25: FALSE | C25: FALSE | D25: FALSE | E25: FALSE | F25: FALSE | G25: FALSE | H25: FALSE
A26: =IF(Расчёт!$A$243=0,"Пт 21","Пт 21"&CHAR(10)&Расчёт!$W$243&"/"&$I$5) | B26: FALSE | C26: FALSE | D26: FALSE | E26: FALSE | F26: FALSE | G26: FALSE | H26: FALSE
A27: =IF(Расчёт!$A$244=0,"Сб 22","Сб 22"&CHAR(10)&Расчёт!$W$244&"/"&$I$5) | B27: FALSE | C27: FALSE | D27: FALSE | E27: FALSE | F27: FALSE | G27: FALSE | H27: FALSE
A28: =IF(Расчёт!$A$245=0,"Вс 23","Вс 23"&CHAR(10)&Расчёт!$W$245&"/"&$I$5) | B28: FALSE | C28: FALSE | D28: FALSE | E28: FALSE | F28: FALSE | G28: FALSE | H28: FALSE
A29: =IF(Расчёт!$A$246=0,"Пн 24","Пн 24"&CHAR(10)&Расчёт!$W$246&"/"&$I$5) | B29: FALSE | C29: FALSE | D29: FALSE | E29: FALSE | F29: FALSE | G29: FALSE | H29: FALSE
A30: =IF(Расчёт!$A$247=0,"Вт 25","Вт 25"&CHAR(10)&Расчёт!$W$247&"/"&$I$5) | B30: FALSE | C30: FALSE | D30: FALSE | E30: FALSE | F30: FALSE | G30: FALSE | H30: FALSE
A31: =IF(Расчёт!$A$248=0,"Ср 26","Ср 26"&CHAR(10)&Расчёт!$W$248&"/"&$I$5) | B31: FALSE | C31: FALSE | D31: FALSE | E31: FALSE | F31: FALSE | G31: FALSE | H31: FALSE
A32: =IF(Расчёт!$A$249=0,"Чт 27","Чт 27"&CHAR(10)&Расчёт!$W$249&"/"&$I$5) | B32: FALSE | C32: FALSE | D32: FALSE | E32: FALSE | F32: FALSE | G32: FALSE | H32: FALSE
A33: =IF(Расчёт!$A$250=0,"Пт 28","Пт 28"&CHAR(10)&Расчёт!$W$250&"/"&$I$5) | B33: FALSE | C33: FALSE | D33: FALSE | E33: FALSE | F33: FALSE | G33: FALSE | H33: FALSE
A34: =IF(Расчёт!$A$251=0,"Сб 29","Сб 29"&CHAR(10)&Расчёт!$W$251&"/"&$I$5) | B34: FALSE | C34: FALSE | D34: FALSE | E34: FALSE | F34: FALSE | G34: FALSE | H34: FALSE
A35: =IF(Расчёт!$A$252=0,"Вс 30","Вс 30"&CHAR(10)&Расчёт!$W$252&"/"&$I$5) | B35: FALSE | C35: FALSE | D35: FALSE | E35: FALSE | F35: FALSE | G35: FALSE | H35: FALSE
A36: =IF(Расчёт!$A$253=0,"Пн 31","Пн 31"&CHAR(10)&Расчёт!$W$253&"/"&$I$5) | B36: FALSE | C36: FALSE | D36: FALSE | E36: FALSE | F36: FALSE | G36: FALSE | H36: FALSE
A38: МОИ ПРИВЫЧКИ
A39: =IF('Старт'!$B$12="","",'Старт'!$A$12&" "&'Старт'!$B$12) | G39: =IF('Старт'!$B$12="","",SUM(Расчёт!$B$223:$B$253)&" из "&ROUND(IF('Старт'!$F$12="",7,'Старт'!$F$12)*31/7,0)) | I39: =IF('Старт'!$B$12="","",IF(Расчёт!$B$2=0,"",IF(IF('Старт'!$F$12="",7,'Старт'!$F$12)<7,"ок",IF(INDEX(Расчёт!$I:$I,Расчёт!$B$2)=0,IF(AND(INDEX(Расчёт!$P:$P,Расчёт!$B$2)>1,$J$39>=3),"верни",""),IF(INDEX(Расчёт!$I:$I,Расчёт!$B$2)>=3,"🔥","")&INDEX(Расчёт!$I:$I,Расчёт!$B$2)&IF(INDEX(Расчёт!$P:$P,Расчёт!$B$2)<=1,"🛡",""))))) | J39: =IF('Старт'!$B$12="","",MAX(Расчёт!$I$223:$I$253)) | K39: =IF(OR('Старт'!$B$12="",Расчёт!$C$386=0),"",MIN(1,SUM(Расчёт!$B$223:$B$253)/MAX(1,ROUND(IF('Старт'!$F$12="",7,'Старт'!$F$12)*31/7,0)*Расчёт!$C$386/31))) | L39: =IF($K$39="","",SPARKLINE($K$39,{"charttype","bar";"max",1;"color1","#22A35E";"color2","#262B38"}))
A40: =IF('Старт'!$B$13="","",'Старт'!$A$13&" "&'Старт'!$B$13) | G40: =IF('Старт'!$B$13="","",SUM(Расчёт!$C$223:$C$253)&" из "&ROUND(IF('Старт'!$F$13="",7,'Старт'!$F$13)*31/7,0)) | I40: =IF('Старт'!$B$13="","",IF(Расчёт!$B$2=0,"",IF(IF('Старт'!$F$13="",7,'Старт'!$F$13)<7,"ок",IF(INDEX(Расчёт!$J:$J,Расчёт!$B$2)=0,IF(AND(INDEX(Расчёт!$Q:$Q,Расчёт!$B$2)>1,$J$40>=3),"верни",""),IF(INDEX(Расчёт!$J:$J,Расчёт!$B$2)>=3,"🔥","")&INDEX(Расчёт!$J:$J,Расчёт!$B$2)&IF(INDEX(Расчёт!$Q:$Q,Расчёт!$B$2)<=1,"🛡",""))))) | J40: =IF('Старт'!$B$13="","",MAX(Расчёт!$J$223:$J$253)) | K40: =IF(OR('Старт'!$B$13="",Расчёт!$C$386=0),"",MIN(1,SUM(Расчёт!$C$223:$C$253)/MAX(1,ROUND(IF('Старт'!$F$13="",7,'Старт'!$F$13)*31/7,0)*Расчёт!$C$386/31))) | L40: =IF($K$40="","",SPARKLINE($K$40,{"charttype","bar";"max",1;"color1","#22A35E";"color2","#262B38"}))
A41: =IF('Старт'!$B$14="","",'Старт'!$A$14&" "&'Старт'!$B$14) | G41: =IF('Старт'!$B$14="","",SUM(Расчёт!$D$223:$D$253)&" из "&ROUND(IF('Старт'!$F$14="",7,'Старт'!$F$14)*31/7,0)) | I41: =IF('Старт'!$B$14="","",IF(Расчёт!$B$2=0,"",IF(IF('Старт'!$F$14="",7,'Старт'!$F$14)<7,"ок",IF(INDEX(Расчёт!$K:$K,Расчёт!$B$2)=0,IF(AND(INDEX(Расчёт!$R:$R,Расчёт!$B$2)>1,$J$41>=3),"верни",""),IF(INDEX(Расчёт!$K:$K,Расчёт!$B$2)>=3,"🔥","")&INDEX(Расчёт!$K:$K,Расчёт!$B$2)&IF(INDEX(Расчёт!$R:$R,Расчёт!$B$2)<=1,"🛡",""))))) | J41: =IF('Старт'!$B$14="","",MAX(Расчёт!$K$223:$K$253)) | K41: =IF(OR('Старт'!$B$14="",Расчёт!$C$386=0),"",MIN(1,SUM(Расчёт!$D$223:$D$253)/MAX(1,ROUND(IF('Старт'!$F$14="",7,'Старт'!$F$14)*31/7,0)*Расчёт!$C$386/31))) | L41: =IF($K$41="","",SPARKLINE($K$41,{"charttype","bar";"max",1;"color1","#22A35E";"color2","#262B38"}))
A42: =IF('Старт'!$B$15="","",'Старт'!$A$15&" "&'Старт'!$B$15) | G42: =IF('Старт'!$B$15="","",SUM(Расчёт!$E$223:$E$253)&" из "&ROUND(IF('Старт'!$F$15="",7,'Старт'!$F$15)*31/7,0)) | I42: =IF('Старт'!$B$15="","",IF(Расчёт!$B$2=0,"",IF(IF('Старт'!$F$15="",7,'Старт'!$F$15)<7,"ок",IF(INDEX(Расчёт!$L:$L,Расчёт!$B$2)=0,IF(AND(INDEX(Расчёт!$S:$S,Расчёт!$B$2)>1,$J$42>=3),"верни",""),IF(INDEX(Расчёт!$L:$L,Расчёт!$B$2)>=3,"🔥","")&INDEX(Расчёт!$L:$L,Расчёт!$B$2)&IF(INDEX(Расчёт!$S:$S,Расчёт!$B$2)<=1,"🛡",""))))) | J42: =IF('Старт'!$B$15="","",MAX(Расчёт!$L$223:$L$253)) | K42: =IF(OR('Старт'!$B$15="",Расчёт!$C$386=0),"",MIN(1,SUM(Расчёт!$E$223:$E$253)/MAX(1,ROUND(IF('Старт'!$F$15="",7,'Старт'!$F$15)*31/7,0)*Расчёт!$C$386/31))) | L42: =IF($K$42="","",SPARKLINE($K$42,{"charttype","bar";"max",1;"color1","#22A35E";"color2","#262B38"}))
A43: =IF('Старт'!$B$16="","",'Старт'!$A$16&" "&'Старт'!$B$16) | G43: =IF('Старт'!$B$16="","",SUM(Расчёт!$F$223:$F$253)&" из "&ROUND(IF('Старт'!$F$16="",7,'Старт'!$F$16)*31/7,0)) | I43: =IF('Старт'!$B$16="","",IF(Расчёт!$B$2=0,"",IF(IF('Старт'!$F$16="",7,'Старт'!$F$16)<7,"ок",IF(INDEX(Расчёт!$M:$M,Расчёт!$B$2)=0,IF(AND(INDEX(Расчёт!$T:$T,Расчёт!$B$2)>1,$J$43>=3),"верни",""),IF(INDEX(Расчёт!$M:$M,Расчёт!$B$2)>=3,"🔥","")&INDEX(Расчёт!$M:$M,Расчёт!$B$2)&IF(INDEX(Расчёт!$T:$T,Расчёт!$B$2)<=1,"🛡",""))))) | J43: =IF('Старт'!$B$16="","",MAX(Расчёт!$M$223:$M$253)) | K43: =IF(OR('Старт'!$B$16="",Расчёт!$C$386=0),"",MIN(1,SUM(Расчёт!$F$223:$F$253)/MAX(1,ROUND(IF('Старт'!$F$16="",7,'Старт'!$F$16)*31/7,0)*Расчёт!$C$386/31))) | L43: =IF($K$43="","",SPARKLINE($K$43,{"charttype","bar";"max",1;"color1","#22A35E";"color2","#262B38"}))
A44: =IF('Старт'!$B$17="","",'Старт'!$A$17&" "&'Старт'!$B$17) | G44: =IF('Старт'!$B$17="","",SUM(Расчёт!$G$223:$G$253)&" из "&ROUND(IF('Старт'!$F$17="",7,'Старт'!$F$17)*31/7,0)) | I44: =IF('Старт'!$B$17="","",IF(Расчёт!$B$2=0,"",IF(IF('Старт'!$F$17="",7,'Старт'!$F$17)<7,"ок",IF(INDEX(Расчёт!$N:$N,Расчёт!$B$2)=0,IF(AND(INDEX(Расчёт!$U:$U,Расчёт!$B$2)>1,$J$44>=3),"верни",""),IF(INDEX(Расчёт!$N:$N,Расчёт!$B$2)>=3,"🔥","")&INDEX(Расчёт!$N:$N,Расчёт!$B$2)&IF(INDEX(Расчёт!$U:$U,Расчёт!$B$2)<=1,"🛡",""))))) | J44: =IF('Старт'!$B$17="","",MAX(Расчёт!$N$223:$N$253)) | K44: =IF(OR('Старт'!$B$17="",Расчёт!$C$386=0),"",MIN(1,SUM(Расчёт!$G$223:$G$253)/MAX(1,ROUND(IF('Старт'!$F$17="",7,'Старт'!$F$17)*31/7,0)*Расчёт!$C$386/31))) | L44: =IF($K$44="","",SPARKLINE($K$44,{"charttype","bar";"max",1;"color1","#22A35E";"color2","#262B38"}))
A45: =IF('Старт'!$B$18="","",'Старт'!$A$18&" "&'Старт'!$B$18) | G45: =IF('Старт'!$B$18="","",SUM(Расчёт!$H$223:$H$253)&" из "&ROUND(IF('Старт'!$F$18="",7,'Старт'!$F$18)*31/7,0)) | I45: =IF('Старт'!$B$18="","",IF(Расчёт!$B$2=0,"",IF(IF('Старт'!$F$18="",7,'Старт'!$F$18)<7,"ок",IF(INDEX(Расчёт!$O:$O,Расчёт!$B$2)=0,IF(AND(INDEX(Расчёт!$V:$V,Расчёт!$B$2)>1,$J$45>=3),"верни",""),IF(INDEX(Расчёт!$O:$O,Расчёт!$B$2)>=3,"🔥","")&INDEX(Расчёт!$O:$O,Расчёт!$B$2)&IF(INDEX(Расчёт!$V:$V,Расчёт!$B$2)<=1,"🛡",""))))) | J45: =IF('Старт'!$B$18="","",MAX(Расчёт!$O$223:$O$253)) | K45: =IF(OR('Старт'!$B$18="",Расчёт!$C$386=0),"",MIN(1,SUM(Расчёт!$H$223:$H$253)/MAX(1,ROUND(IF('Старт'!$F$18="",7,'Старт'!$F$18)*31/7,0)*Расчёт!$C$386/31))) | L45: =IF($K$45="","",SPARKLINE($K$45,{"charttype","bar";"max",1;"color1","#22A35E";"color2","#262B38"}))
A47: ЦЕЛИ МЕСЯЦА
A48: FALSE
A49: FALSE
A50: FALSE
A52: НЕДЕЛЯ
A53: =IF(Расчёт!$H$428=0,"Первая неделя закроется в воскресенье","Неделя · "&Расчёт!$G$428&" из "&Расчёт!$H$428&IF(Расчёт!$I$428=0,""," · прошлая "&ROUND(MIN(1,Расчёт!$I$428/MAX(1,Расчёт!$H$427))*100,0)&" %"))
A54: =IF(OR(Расчёт!$D$428=0,Расчёт!$H$428=0),"","Просело: "&INDEX('Старт'!$E$12:$E$18,MAX(1,Расчёт!$D$428))&" — "&IF(INDEX('Старт'!$B$20:$B$26,MAX(1,Расчёт!$D$428))="","подтяни на этой неделе",INDEX('Старт'!$B$20:$B$26,MAX(1,Расчёт!$D$428))))
A55: =IF(Расчёт!$C$386=0,"Первая галочка — и месяц пошёл","Полных дней: "&Расчёт!$G$386&" · опыт за месяц: "&Расчёт!$I$386)
A56: =IF(Расчёт!$D$428=0,"Испытание появится в воскресенье","Испытание: "&INDEX('Старт'!$E$12:$E$18,MAX(1,Расчёт!$D$428))&" "&Расчёт!$E$428&" из 5"&IF(Расчёт!$F$428=1," ✓",""))
A57: ="Что мешало — и когда и где сделаю иначе?"
A58: Нед 1
A59: Нед 2
A60: Нед 3
A61: Нед 4
A62: Нед 5
A63: =SPARKLINE(Расчёт!$W$223:$W$253,{"charttype","column";"color","#22A35E";"empty","zero"})

Sheet Сен
A1: ="СЕН 2026" | F1: =IF(Расчёт!$C$387=0,"Не идеально, а регулярно",ROUND(Расчёт!$F$387*100,0)&" % · "&Расчёт!$B$6&" "&Расчёт!$B$5)
A2: =IF(OR(Расчёт!$B$2=0,Расчёт!$B$4=0),"Не идеально, а регулярно",IF(INDEX(Расчёт!$AA:$AA,Расчёт!$B$2)>0,"Награда «Возвращение» · +15 опыта",IF(MAX(IF(AND('Старт'!$B$12<>"",IF('Старт'!$F$12="",7,'Старт'!$F$12)=7,INDEX(Расчёт!$I:$I,Расчёт!$B$2)=0,INDEX(Расчёт!$P:$P,Расчёт!$B$2)>1,N($J$39)>=3),1,0),IF(AND('Старт'!$B$13<>"",IF('Старт'!$F$13="",7,'Старт'!$F$13)=7,INDEX(Расчёт!$J:$J,Расчёт!$B$2)=0,INDEX(Расчёт!$Q:$Q,Расчёт!$B$2)>1,N($J$40)>=3),2,0),IF(AND('Старт'!$B$14<>"",IF('Старт'!$F$14="",7,'Старт'!$F$14)=7,INDEX(Расчёт!$K:$K,Расчёт!$B$2)=0,INDEX(Расчёт!$R:$R,Расчёт!$B$2)>1,N($J$41)>=3),3,0),IF(AND('Старт'!$B$15<>"",IF('Старт'!$F$15="",7,'Старт'!$F$15)=7,INDEX(Расчёт!$L:$L,Расчёт!$B$2)=0,INDEX(Расчёт!$S:$S,Расчёт!$B$2)>1,N($J$42)>=3),4,0),IF(AND('Старт'!$B$16<>"",IF('Старт'!$F$16="",7,'Старт'!$F$16)=7,INDEX(Расчёт!$M:$M,Расчёт!$B$2)=0,INDEX(Расчёт!$T:$T,Расчёт!$B$2)>1,N($J$43)>=3),5,0),IF(AND('Старт'!$B$17<>"",IF('Старт'!$F$17="",7,'Старт'!$F$17)=7,INDEX(Расчёт!$N:$N,Расчёт!$B$2)=0,INDEX(Расчёт!$U:$U,Расчёт!$B$2)>1,N($J$44)>=3),6,0),IF(AND('Старт'!$B$18<>"",IF('Старт'!$F$18="",7,'Старт'!$F$18)=7,INDEX(Расчёт!$O:$O,Расчёт!$B$2)=0,INDEX(Расчёт!$V:$V,Расчёт!$B$2)>1,N($J$45)>=3),7,0))>0,"Верни «"&INDEX('Старт'!$E$12:$E$18,MAX(1,MAX(IF(AND('Старт'!$B$12<>"",IF('Старт'!$F$12="",7,'Старт'!$F$12)=7,INDEX(Расчёт!$I:$I,Расчёт!$B$2)=0,INDEX(Расчёт!$P:$P,Расчёт!$B$2)>1,N($J$39)>=3),1,0),IF(AND('Старт'!$B$13<>"",IF('Старт'!$F$13="",7,'Старт'!$F$13)=7,INDEX(Расчёт!$J:$J,Расчёт!$B$2)=0,INDEX(Расчёт!$Q:$Q,Расчёт!$B$2)>1,N($J$40)>=3),2,0),IF(AND('Старт'!$B$14<>"",IF('Старт'!$F$14="",7,'Старт'!$F$14)=7,INDEX(Расчёт!$K:$K,Расчёт!$B$2)=0,INDEX(Расчёт!$R:$R,Расчёт!$B$2)>1,N($J$41)>=3),3,0),IF(AND('Старт'!$B$15<>"",IF('Старт'!$F$15="",7,'Старт'!$F$15)=7,INDEX(Расчёт!$L:$L,Расчёт!$B$2)=0,INDEX(Расчёт!$S:$S,Расчёт!$B$2)>1,N($J$42)>=3),4,0),IF(AND('Старт'!$B$16<>"",IF('Старт'!$F$16="",7,'Старт'!$F$16)=7,INDEX(Расчёт!$M:$M,Расчёт!$B$2)=0,INDEX(Расчёт!$T:$T,Расчёт!$B$2)>1,N($J$43)>=3),5,0),IF(AND('Старт'!$B$17<>"",IF('Старт'!$F$17="",7,'Старт'!$F$17)=7,INDEX(Расчёт!$N:$N,Расчёт!$B$2)=0,INDEX(Расчёт!$U:$U,Расчёт!$B$2)>1,N($J$44)>=3),6,0),IF(AND('Старт'!$B$18<>"",IF('Старт'!$F$18="",7,'Старт'!$F$18)=7,INDEX(Расчёт!$O:$O,Расчёт!$B$2)=0,INDEX(Расчёт!$V:$V,Расчёт!$B$2)>1,N($J$45)>=3),7,0))))&"» сегодня"&IF(INDEX('Старт'!$B$20:$B$26,MAX(1,MAX(IF(AND('Старт'!$B$12<>"",IF('Старт'!$F$12="",7,'Старт'!$F$12)=7,INDEX(Расчёт!$I:$I,Расчёт!$B$2)=0,INDEX(Расчёт!$P:$P,Расчёт!$B$2)>1,N($J$39)>=3),1,0),IF(AND('Старт'!$B$13<>"",IF('Старт'!$F$13="",7,'Старт'!$F$13)=7,INDEX(Расчёт!$J:$J,Расчёт!$B$2)=0,INDEX(Расчёт!$Q:$Q,Расчёт!$B$2)>1,N($J$40)>=3),2,0),IF(AND('Старт'!$B$14<>"",IF('Старт'!$F$14="",7,'Старт'!$F$14)=7,INDEX(Расчёт!$K:$K,Расчёт!$B$2)=0,INDEX(Расчёт!$R:$R,Расчёт!$B$2)>1,N($J$41)>=3),3,0),IF(AND('Старт'!$B$15<>"",IF('Старт'!$F$15="",7,'Старт'!$F$15)=7,INDEX(Расчёт!$L:$L,Расчёт!$B$2)=0,INDEX(Расчёт!$S:$S,Расчёт!$B$2)>1,N($J$42)>=3),4,0),IF(AND('Старт'!$B$16<>"",IF('Старт'!$F$16="",7,'Старт'!$F$16)=7,INDEX(Расчёт!$M:$M,Расчёт!$B$2)=0,INDEX(Расчёт!$T:$T,Расчёт!$B$2)>1,N($J$43)>=3),5,0),IF(AND('Старт'!$B$17<>"",IF('Старт'!$F$17="",7,'Старт'!$F$17)=7,INDEX(Расчёт!$N:$N,Расчёт!$B$2)=0,INDEX(Расчёт!$U:$U,Расчёт!$B$2)>1,N($J$44)>=3),6,0),IF(AND('Старт'!$B$18<>"",IF('Старт'!$F$18="",7,'Старт'!$F$18)=7,INDEX(Расчёт!$O:$O,Расчёт!$B$2)=0,INDEX(Расчёт!$V:$V,Расчёт!$B$2)>1,N($J$45)>=3),7,0))))="",""," — "&INDEX('Старт'!$B$20:$B$26,MAX(1,MAX(IF(AND('Старт'!$B$12<>"",IF('Старт'!$F$12="",7,'Старт'!$F$12)=7,INDEX(Расчёт!$I:$I,Расчёт!$B$2)=0,INDEX(Расчёт!$P:$P,Расчёт!$B$2)>1,N($J$39)>=3),1,0),IF(AND('Старт'!$B$13<>"",IF('Старт'!$F$13="",7,'Старт'!$F$13)=7,INDEX(Расчёт!$J:$J,Расчёт!$B$2)=0,INDEX(Расчёт!$Q:$Q,Расчёт!$B$2)>1,N($J$40)>=3),2,0),IF(AND('Старт'!$B$14<>"",IF('Старт'!$F$14="",7,'Старт'!$F$14)=7,INDEX(Расчёт!$K:$K,Расчёт!$B$2)=0,INDEX(Расчёт!$R:$R,Расчёт!$B$2)>1,N($J$41)>=3),3,0),IF(AND('Старт'!$B$15<>"",IF('Старт'!$F$15="",7,'Старт'!$F$15)=7,INDEX(Расчёт!$L:$L,Расчёт!$B$2)=0,INDEX(Расчёт!$S:$S,Расчёт!$B$2)>1,N($J$42)>=3),4,0),IF(AND('Старт'!$B$16<>"",IF('Старт'!$F$16="",7,'Старт'!$F$16)=7,INDEX(Расчёт!$M:$M,Расчёт!$B$2)=0,INDEX(Расчёт!$T:$T,Расчёт!$B$2)>1,N($J$43)>=3),5,0),IF(AND('Старт'!$B$17<>"",IF('Старт'!$F$17="",7,'Старт'!$F$17)=7,INDEX(Расчёт!$N:$N,Расчёт!$B$2)=0,INDEX(Расчёт!$U:$U,Расчёт!$B$2)>1,N($J$44)>=3),6,0),IF(AND('Старт'!$B$18<>"",IF('Старт'!$F$18="",7,'Старт'!$F$18)=7,INDEX(Расчёт!$O:$O,Расчёт!$B$2)=0,INDEX(Расчёт!$V:$V,Расчёт!$B$2)>1,N($J$45)>=3),7,0))))),IF(Расчёт!$F$431=1,"Испытание закрыто · +100 опыта","Уровень "&Расчёт!$B$5&" · "&Расчёт!$B$6))))
B3: =IF('Старт'!$B$12="","",'Старт'!$A$12) | C3: =IF('Старт'!$B$13="","",'Старт'!$A$13) | D3: =IF('Старт'!$B$14="","",'Старт'!$A$14) | E3: =IF('Старт'!$B$15="","",'Старт'!$A$15) | F3: =IF('Старт'!$B$16="","",'Старт'!$A$16) | G3: =IF('Старт'!$B$17="","",'Старт'!$A$17) | H3: =IF('Старт'!$B$18="","",'Старт'!$A$18)
B4: =IF('Старт'!$B$12="","",'Старт'!$E$12) | C4: =IF('Старт'!$B$13="","",'Старт'!$E$13) | D4: =IF('Старт'!$B$14="","",'Старт'!$E$14) | E4: =IF('Старт'!$B$15="","",'Старт'!$E$15) | F4: =IF('Старт'!$B$16="","",'Старт'!$E$16) | G4: =IF('Старт'!$B$17="","",'Старт'!$E$17) | H4: =IF('Старт'!$B$18="","",'Старт'!$E$18)
B5: =IF('Старт'!$B$12="","",IF(Расчёт!$B$2=0,"",IF(IF('Старт'!$F$12="",7,'Старт'!$F$12)<7,"ок",IF(INDEX(Расчёт!$I:$I,Расчёт!$B$2)=0,IF(AND(INDEX(Расчёт!$P:$P,Расчёт!$B$2)>1,$J$39>=3),"верни",""),IF(INDEX(Расчёт!$I:$I,Расчёт!$B$2)>=3,"🔥","")&INDEX(Расчёт!$I:$I,Расчёт!$B$2)&IF(INDEX(Расчёт!$P:$P,Расчёт!$B$2)<=1,"🛡",""))))) | C5: =IF('Старт'!$B$13="","",IF(Расчёт!$B$2=0,"",IF(IF('Старт'!$F$13="",7,'Старт'!$F$13)<7,"ок",IF(INDEX(Расчёт!$J:$J,Расчёт!$B$2)=0,IF(AND(INDEX(Расчёт!$Q:$Q,Расчёт!$B$2)>1,$J$40>=3),"верни",""),IF(INDEX(Расчёт!$J:$J,Расчёт!$B$2)>=3,"🔥","")&INDEX(Расчёт!$J:$J,Расчёт!$B$2)&IF(INDEX(Расчёт!$Q:$Q,Расчёт!$B$2)<=1,"🛡",""))))) | D5: =IF('Старт'!$B$14="","",IF(Расчёт!$B$2=0,"",IF(IF('Старт'!$F$14="",7,'Старт'!$F$14)<7,"ок",IF(INDEX(Расчёт!$K:$K,Расчёт!$B$2)=0,IF(AND(INDEX(Расчёт!$R:$R,Расчёт!$B$2)>1,$J$41>=3),"верни",""),IF(INDEX(Расчёт!$K:$K,Расчёт!$B$2)>=3,"🔥","")&INDEX(Расчёт!$K:$K,Расчёт!$B$2)&IF(INDEX(Расчёт!$R:$R,Расчёт!$B$2)<=1,"🛡",""))))) | E5: =IF('Старт'!$B$15="","",IF(Расчёт!$B$2=0,"",IF(IF('Старт'!$F$15="",7,'Старт'!$F$15)<7,"ок",IF(INDEX(Расчёт!$L:$L,Расчёт!$B$2)=0,IF(AND(INDEX(Расчёт!$S:$S,Расчёт!$B$2)>1,$J$42>=3),"верни",""),IF(INDEX(Расчёт!$L:$L,Расчёт!$B$2)>=3,"🔥","")&INDEX(Расчёт!$L:$L,Расчёт!$B$2)&IF(INDEX(Расчёт!$S:$S,Расчёт!$B$2)<=1,"🛡",""))))) | F5: =IF('Старт'!$B$16="","",IF(Расчёт!$B$2=0,"",IF(IF('Старт'!$F$16="",7,'Старт'!$F$16)<7,"ок",IF(INDEX(Расчёт!$M:$M,Расчёт!$B$2)=0,IF(AND(INDEX(Расчёт!$T:$T,Расчёт!$B$2)>1,$J$43>=3),"верни",""),IF(INDEX(Расчёт!$M:$M,Расчёт!$B$2)>=3,"🔥","")&INDEX(Расчёт!$M:$M,Расчёт!$B$2)&IF(INDEX(Расчёт!$T:$T,Расчёт!$B$2)<=1,"🛡",""))))) | G5: =IF('Старт'!$B$17="","",IF(Расчёт!$B$2=0,"",IF(IF('Старт'!$F$17="",7,'Старт'!$F$17)<7,"ок",IF(INDEX(Расчёт!$N:$N,Расчёт!$B$2)=0,IF(AND(INDEX(Расчёт!$U:$U,Расчёт!$B$2)>1,$J$44>=3),"верни",""),IF(INDEX(Расчёт!$N:$N,Расчёт!$B$2)>=3,"🔥","")&INDEX(Расчёт!$N:$N,Расчёт!$B$2)&IF(INDEX(Расчёт!$U:$U,Расчёт!$B$2)<=1,"🛡",""))))) | H5: =IF('Старт'!$B$18="","",IF(Расчёт!$B$2=0,"",IF(IF('Старт'!$F$18="",7,'Старт'!$F$18)<7,"ок",IF(INDEX(Расчёт!$O:$O,Расчёт!$B$2)=0,IF(AND(INDEX(Расчёт!$V:$V,Расчёт!$B$2)>1,$J$45>=3),"верни",""),IF(INDEX(Расчёт!$O:$O,Расчёт!$B$2)>=3,"🔥","")&INDEX(Расчёт!$O:$O,Расчёт!$B$2)&IF(INDEX(Расчёт!$V:$V,Расчёт!$B$2)<=1,"🛡",""))))) | I5: =Расчёт!$B$3 | J5: =IF(AND(YEAR(Расчёт!$B$1)=2026,MONTH(Расчёт!$B$1)=9),5+DAY(Расчёт!$B$1),0) | K5: =IF(WEEKDAY(Расчёт!$B$1,2)>=6,1,0) | L5: =Расчёт!$B$2
A6: =IF(Расчёт!$A$254=0,"Вт 1","Вт 1"&CHAR(10)&Расчёт!$W$254&"/"&$I$5) | B6: FALSE | C6: FALSE | D6: FALSE | E6: FALSE | F6: FALSE | G6: FALSE | H6: FALSE
A7: =IF(Расчёт!$A$255=0,"Ср 2","Ср 2"&CHAR(10)&Расчёт!$W$255&"/"&$I$5) | B7: FALSE | C7: FALSE | D7: FALSE | E7: FALSE | F7: FALSE | G7: FALSE | H7: FALSE
A8: =IF(Расчёт!$A$256=0,"Чт 3","Чт 3"&CHAR(10)&Расчёт!$W$256&"/"&$I$5) | B8: FALSE | C8: FALSE | D8: FALSE | E8: FALSE | F8: FALSE | G8: FALSE | H8: FALSE
A9: =IF(Расчёт!$A$257=0,"Пт 4","Пт 4"&CHAR(10)&Расчёт!$W$257&"/"&$I$5) | B9: FALSE | C9: FALSE | D9: FALSE | E9: FALSE | F9: FALSE | G9: FALSE | H9: FALSE
A10: =IF(Расчёт!$A$258=0,"Сб 5","Сб 5"&CHAR(10)&Расчёт!$W$258&"/"&$I$5) | B10: FALSE | C10: FALSE | D10: FALSE | E10: FALSE | F10: FALSE | G10: FALSE | H10: FALSE
A11: =IF(Расчёт!$A$259=0,"Вс 6","Вс 6"&CHAR(10)&Расчёт!$W$259&"/"&$I$5) | B11: FALSE | C11: FALSE | D11: FALSE | E11: FALSE | F11: FALSE | G11: FALSE | H11: FALSE
A12: =IF(Расчёт!$A$260=0,"Пн 7","Пн 7"&CHAR(10)&Расчёт!$W$260&"/"&$I$5) | B12: FALSE | C12: FALSE | D12: FALSE | E12: FALSE | F12: FALSE | G12: FALSE | H12: FALSE
A13: =IF(Расчёт!$A$261=0,"Вт 8","Вт 8"&CHAR(10)&Расчёт!$W$261&"/"&$I$5) | B13: FALSE | C13: FALSE | D13: FALSE | E13: FALSE | F13: FALSE | G13: FALSE | H13: FALSE
A14: =IF(Расчёт!$A$262=0,"Ср 9","Ср 9"&CHAR(10)&Расчёт!$W$262&"/"&$I$5) | B14: FALSE | C14: FALSE | D14: FALSE | E14: FALSE | F14: FALSE | G14: FALSE | H14: FALSE
A15: =IF(Расчёт!$A$263=0,"Чт 10","Чт 10"&CHAR(10)&Расчёт!$W$263&"/"&$I$5) | B15: FALSE | C15: FALSE | D15: FALSE | E15: FALSE | F15: FALSE | G15: FALSE | H15: FALSE
A16: =IF(Расчёт!$A$264=0,"Пт 11","Пт 11"&CHAR(10)&Расчёт!$W$264&"/"&$I$5) | B16: FALSE | C16: FALSE | D16: FALSE | E16: FALSE | F16: FALSE | G16: FALSE | H16: FALSE
A17: =IF(Расчёт!$A$265=0,"Сб 12","Сб 12"&CHAR(10)&Расчёт!$W$265&"/"&$I$5) | B17: FALSE | C17: FALSE | D17: FALSE | E17: FALSE | F17: FALSE | G17: FALSE | H17: FALSE
A18: =IF(Расчёт!$A$266=0,"Вс 13","Вс 13"&CHAR(10)&Расчёт!$W$266&"/"&$I$5) | B18: FALSE | C18: FALSE | D18: FALSE | E18: FALSE | F18: FALSE | G18: FALSE | H18: FALSE
A19: =IF(Расчёт!$A$267=0,"Пн 14","Пн 14"&CHAR(10)&Расчёт!$W$267&"/"&$I$5) | B19: FALSE | C19: FALSE | D19: FALSE | E19: FALSE | F19: FALSE | G19: FALSE | H19: FALSE
A20: =IF(Расчёт!$A$268=0,"Вт 15","Вт 15"&CHAR(10)&Расчёт!$W$268&"/"&$I$5) | B20: FALSE | C20: FALSE | D20: FALSE | E20: FALSE | F20: FALSE | G20: FALSE | H20: FALSE
A21: =IF(Расчёт!$A$269=0,"Ср 16","Ср 16"&CHAR(10)&Расчёт!$W$269&"/"&$I$5) | B21: FALSE | C21: FALSE | D21: FALSE | E21: FALSE | F21: FALSE | G21: FALSE | H21: FALSE
A22: =IF(Расчёт!$A$270=0,"Чт 17","Чт 17"&CHAR(10)&Расчёт!$W$270&"/"&$I$5) | B22: FALSE | C22: FALSE | D22: FALSE | E22: FALSE | F22: FALSE | G22: FALSE | H22: FALSE
A23: =IF(Расчёт!$A$271=0,"Пт 18","Пт 18"&CHAR(10)&Расчёт!$W$271&"/"&$I$5) | B23: FALSE | C23: FALSE | D23: FALSE | E23: FALSE | F23: FALSE | G23: FALSE | H23: FALSE
A24: =IF(Расчёт!$A$272=0,"Сб 19","Сб 19"&CHAR(10)&Расчёт!$W$272&"/"&$I$5) | B24: FALSE | C24: FALSE | D24: FALSE | E24: FALSE | F24: FALSE | G24: FALSE | H24: FALSE
A25: =IF(Расчёт!$A$273=0,"Вс 20","Вс 20"&CHAR(10)&Расчёт!$W$273&"/"&$I$5) | B25: FALSE | C25: FALSE | D25: FALSE | E25: FALSE | F25: FALSE | G25: FALSE | H25: FALSE
A26: =IF(Расчёт!$A$274=0,"Пн 21","Пн 21"&CHAR(10)&Расчёт!$W$274&"/"&$I$5) | B26: FALSE | C26: FALSE | D26: FALSE | E26: FALSE | F26: FALSE | G26: FALSE | H26: FALSE
A27: =IF(Расчёт!$A$275=0,"Вт 22","Вт 22"&CHAR(10)&Расчёт!$W$275&"/"&$I$5) | B27: FALSE | C27: FALSE | D27: FALSE | E27: FALSE | F27: FALSE | G27: FALSE | H27: FALSE
A28: =IF(Расчёт!$A$276=0,"Ср 23","Ср 23"&CHAR(10)&Расчёт!$W$276&"/"&$I$5) | B28: FALSE | C28: FALSE | D28: FALSE | E28: FALSE | F28: FALSE | G28: FALSE | H28: FALSE
A29: =IF(Расчёт!$A$277=0,"Чт 24","Чт 24"&CHAR(10)&Расчёт!$W$277&"/"&$I$5) | B29: FALSE | C29: FALSE | D29: FALSE | E29: FALSE | F29: FALSE | G29: FALSE | H29: FALSE
A30: =IF(Расчёт!$A$278=0,"Пт 25","Пт 25"&CHAR(10)&Расчёт!$W$278&"/"&$I$5) | B30: FALSE | C30: FALSE | D30: FALSE | E30: FALSE | F30: FALSE | G30: FALSE | H30: FALSE
A31: =IF(Расчёт!$A$279=0,"Сб 26","Сб 26"&CHAR(10)&Расчёт!$W$279&"/"&$I$5) | B31: FALSE | C31: FALSE | D31: FALSE | E31: FALSE | F31: FALSE | G31: FALSE | H31: FALSE
A32: =IF(Расчёт!$A$280=0,"Вс 27","Вс 27"&CHAR(10)&Расчёт!$W$280&"/"&$I$5) | B32: FALSE | C32: FALSE | D32: FALSE | E32: FALSE | F32: FALSE | G32: FALSE | H32: FALSE
A33: =IF(Расчёт!$A$281=0,"Пн 28","Пн 28"&CHAR(10)&Расчёт!$W$281&"/"&$I$5) | B33: FALSE | C33: FALSE | D33: FALSE | E33: FALSE | F33: FALSE | G33: FALSE | H33: FALSE
A34: =IF(Расчёт!$A$282=0,"Вт 29","Вт 29"&CHAR(10)&Расчёт!$W$282&"/"&$I$5) | B34: FALSE | C34: FALSE | D34: FALSE | E34: FALSE | F34: FALSE | G34: FALSE | H34: FALSE
A35: =IF(Расчёт!$A$283=0,"Ср 30","Ср 30"&CHAR(10)&Расчёт!$W$283&"/"&$I$5) | B35: FALSE | C35: FALSE | D35: FALSE | E35: FALSE | F35: FALSE | G35: FALSE | H35: FALSE
A38: МОИ ПРИВЫЧКИ
A39: =IF('Старт'!$B$12="","",'Старт'!$A$12&" "&'Старт'!$B$12) | G39: =IF('Старт'!$B$12="","",SUM(Расчёт!$B$254:$B$283)&" из "&ROUND(IF('Старт'!$F$12="",7,'Старт'!$F$12)*30/7,0)) | I39: =IF('Старт'!$B$12="","",IF(Расчёт!$B$2=0,"",IF(IF('Старт'!$F$12="",7,'Старт'!$F$12)<7,"ок",IF(INDEX(Расчёт!$I:$I,Расчёт!$B$2)=0,IF(AND(INDEX(Расчёт!$P:$P,Расчёт!$B$2)>1,$J$39>=3),"верни",""),IF(INDEX(Расчёт!$I:$I,Расчёт!$B$2)>=3,"🔥","")&INDEX(Расчёт!$I:$I,Расчёт!$B$2)&IF(INDEX(Расчёт!$P:$P,Расчёт!$B$2)<=1,"🛡",""))))) | J39: =IF('Старт'!$B$12="","",MAX(Расчёт!$I$254:$I$283)) | K39: =IF(OR('Старт'!$B$12="",Расчёт!$C$387=0),"",MIN(1,SUM(Расчёт!$B$254:$B$283)/MAX(1,ROUND(IF('Старт'!$F$12="",7,'Старт'!$F$12)*30/7,0)*Расчёт!$C$387/30))) | L39: =IF($K$39="","",SPARKLINE($K$39,{"charttype","bar";"max",1;"color1","#22A35E";"color2","#262B38"}))
A40: =IF('Старт'!$B$13="","",'Старт'!$A$13&" "&'Старт'!$B$13) | G40: =IF('Старт'!$B$13="","",SUM(Расчёт!$C$254:$C$283)&" из "&ROUND(IF('Старт'!$F$13="",7,'Старт'!$F$13)*30/7,0)) | I40: =IF('Старт'!$B$13="","",IF(Расчёт!$B$2=0,"",IF(IF('Старт'!$F$13="",7,'Старт'!$F$13)<7,"ок",IF(INDEX(Расчёт!$J:$J,Расчёт!$B$2)=0,IF(AND(INDEX(Расчёт!$Q:$Q,Расчёт!$B$2)>1,$J$40>=3),"верни",""),IF(INDEX(Расчёт!$J:$J,Расчёт!$B$2)>=3,"🔥","")&INDEX(Расчёт!$J:$J,Расчёт!$B$2)&IF(INDEX(Расчёт!$Q:$Q,Расчёт!$B$2)<=1,"🛡",""))))) | J40: =IF('Старт'!$B$13="","",MAX(Расчёт!$J$254:$J$283)) | K40: =IF(OR('Старт'!$B$13="",Расчёт!$C$387=0),"",MIN(1,SUM(Расчёт!$C$254:$C$283)/MAX(1,ROUND(IF('Старт'!$F$13="",7,'Старт'!$F$13)*30/7,0)*Расчёт!$C$387/30))) | L40: =IF($K$40="","",SPARKLINE($K$40,{"charttype","bar";"max",1;"color1","#22A35E";"color2","#262B38"}))
A41: =IF('Старт'!$B$14="","",'Старт'!$A$14&" "&'Старт'!$B$14) | G41: =IF('Старт'!$B$14="","",SUM(Расчёт!$D$254:$D$283)&" из "&ROUND(IF('Старт'!$F$14="",7,'Старт'!$F$14)*30/7,0)) | I41: =IF('Старт'!$B$14="","",IF(Расчёт!$B$2=0,"",IF(IF('Старт'!$F$14="",7,'Старт'!$F$14)<7,"ок",IF(INDEX(Расчёт!$K:$K,Расчёт!$B$2)=0,IF(AND(INDEX(Расчёт!$R:$R,Расчёт!$B$2)>1,$J$41>=3),"верни",""),IF(INDEX(Расчёт!$K:$K,Расчёт!$B$2)>=3,"🔥","")&INDEX(Расчёт!$K:$K,Расчёт!$B$2)&IF(INDEX(Расчёт!$R:$R,Расчёт!$B$2)<=1,"🛡",""))))) | J41: =IF('Старт'!$B$14="","",MAX(Расчёт!$K$254:$K$283)) | K41: =IF(OR('Старт'!$B$14="",Расчёт!$C$387=0),"",MIN(1,SUM(Расчёт!$D$254:$D$283)/MAX(1,ROUND(IF('Старт'!$F$14="",7,'Старт'!$F$14)*30/7,0)*Расчёт!$C$387/30))) | L41: =IF($K$41="","",SPARKLINE($K$41,{"charttype","bar";"max",1;"color1","#22A35E";"color2","#262B38"}))
A42: =IF('Старт'!$B$15="","",'Старт'!$A$15&" "&'Старт'!$B$15) | G42: =IF('Старт'!$B$15="","",SUM(Расчёт!$E$254:$E$283)&" из "&ROUND(IF('Старт'!$F$15="",7,'Старт'!$F$15)*30/7,0)) | I42: =IF('Старт'!$B$15="","",IF(Расчёт!$B$2=0,"",IF(IF('Старт'!$F$15="",7,'Старт'!$F$15)<7,"ок",IF(INDEX(Расчёт!$L:$L,Расчёт!$B$2)=0,IF(AND(INDEX(Расчёт!$S:$S,Расчёт!$B$2)>1,$J$42>=3),"верни",""),IF(INDEX(Расчёт!$L:$L,Расчёт!$B$2)>=3,"🔥","")&INDEX(Расчёт!$L:$L,Расчёт!$B$2)&IF(INDEX(Расчёт!$S:$S,Расчёт!$B$2)<=1,"🛡",""))))) | J42: =IF('Старт'!$B$15="","",MAX(Расчёт!$L$254:$L$283)) | K42: =IF(OR('Старт'!$B$15="",Расчёт!$C$387=0),"",MIN(1,SUM(Расчёт!$E$254:$E$283)/MAX(1,ROUND(IF('Старт'!$F$15="",7,'Старт'!$F$15)*30/7,0)*Расчёт!$C$387/30))) | L42: =IF($K$42="","",SPARKLINE($K$42,{"charttype","bar";"max",1;"color1","#22A35E";"color2","#262B38"}))
A43: =IF('Старт'!$B$16="","",'Старт'!$A$16&" "&'Старт'!$B$16) | G43: =IF('Старт'!$B$16="","",SUM(Расчёт!$F$254:$F$283)&" из "&ROUND(IF('Старт'!$F$16="",7,'Старт'!$F$16)*30/7,0)) | I43: =IF('Старт'!$B$16="","",IF(Расчёт!$B$2=0,"",IF(IF('Старт'!$F$16="",7,'Старт'!$F$16)<7,"ок",IF(INDEX(Расчёт!$M:$M,Расчёт!$B$2)=0,IF(AND(INDEX(Расчёт!$T:$T,Расчёт!$B$2)>1,$J$43>=3),"верни",""),IF(INDEX(Расчёт!$M:$M,Расчёт!$B$2)>=3,"🔥","")&INDEX(Расчёт!$M:$M,Расчёт!$B$2)&IF(INDEX(Расчёт!$T:$T,Расчёт!$B$2)<=1,"🛡",""))))) | J43: =IF('Старт'!$B$16="","",MAX(Расчёт!$M$254:$M$283)) | K43: =IF(OR('Старт'!$B$16="",Расчёт!$C$387=0),"",MIN(1,SUM(Расчёт!$F$254:$F$283)/MAX(1,ROUND(IF('Старт'!$F$16="",7,'Старт'!$F$16)*30/7,0)*Расчёт!$C$387/30))) | L43: =IF($K$43="","",SPARKLINE($K$43,{"charttype","bar";"max",1;"color1","#22A35E";"color2","#262B38"}))
A44: =IF('Старт'!$B$17="","",'Старт'!$A$17&" "&'Старт'!$B$17) | G44: =IF('Старт'!$B$17="","",SUM(Расчёт!$G$254:$G$283)&" из "&ROUND(IF('Старт'!$F$17="",7,'Старт'!$F$17)*30/7,0)) | I44: =IF('Старт'!$B$17="","",IF(Расчёт!$B$2=0,"",IF(IF('Старт'!$F$17="",7,'Старт'!$F$17)<7,"ок",IF(INDEX(Расчёт!$N:$N,Расчёт!$B$2)=0,IF(AND(INDEX(Расчёт!$U:$U,Расчёт!$B$2)>1,$J$44>=3),"верни",""),IF(INDEX(Расчёт!$N:$N,Расчёт!$B$2)>=3,"🔥","")&INDEX(Расчёт!$N:$N,Расчёт!$B$2)&IF(INDEX(Расчёт!$U:$U,Расчёт!$B$2)<=1,"🛡",""))))) | J44: =IF('Старт'!$B$17="","",MAX(Расчёт!$N$254:$N$283)) | K44: =IF(OR('Старт'!$B$17="",Расчёт!$C$387=0),"",MIN(1,SUM(Расчёт!$G$254:$G$283)/MAX(1,ROUND(IF('Старт'!$F$17="",7,'Старт'!$F$17)*30/7,0)*Расчёт!$C$387/30))) | L44: =IF($K$44="","",SPARKLINE($K$44,{"charttype","bar";"max",1;"color1","#22A35E";"color2","#262B38"}))
A45: =IF('Старт'!$B$18="","",'Старт'!$A$18&" "&'Старт'!$B$18) | G45: =IF('Старт'!$B$18="","",SUM(Расчёт!$H$254:$H$283)&" из "&ROUND(IF('Старт'!$F$18="",7,'Старт'!$F$18)*30/7,0)) | I45: =IF('Старт'!$B$18="","",IF(Расчёт!$B$2=0,"",IF(IF('Старт'!$F$18="",7,'Старт'!$F$18)<7,"ок",IF(INDEX(Расчёт!$O:$O,Расчёт!$B$2)=0,IF(AND(INDEX(Расчёт!$V:$V,Расчёт!$B$2)>1,$J$45>=3),"верни",""),IF(INDEX(Расчёт!$O:$O,Расчёт!$B$2)>=3,"🔥","")&INDEX(Расчёт!$O:$O,Расчёт!$B$2)&IF(INDEX(Расчёт!$V:$V,Расчёт!$B$2)<=1,"🛡",""))))) | J45: =IF('Старт'!$B$18="","",MAX(Расчёт!$O$254:$O$283)) | K45: =IF(OR('Старт'!$B$18="",Расчёт!$C$387=0),"",MIN(1,SUM(Расчёт!$H$254:$H$283)/MAX(1,ROUND(IF('Старт'!$F$18="",7,'Старт'!$F$18)*30/7,0)*Расчёт!$C$387/30))) | L45: =IF($K$45="","",SPARKLINE($K$45,{"charttype","bar";"max",1;"color1","#22A35E";"color2","#262B38"}))
A47: ЦЕЛИ МЕСЯЦА
A48: FALSE
A49: FALSE
A50: FALSE
A52: НЕДЕЛЯ
A53: =IF(Расчёт!$H$431=0,"Первая неделя закроется в воскресенье","Неделя · "&Расчёт!$G$431&" из "&Расчёт!$H$431&IF(Расчёт!$I$431=0,""," · прошлая "&ROUND(MIN(1,Расчёт!$I$431/MAX(1,Расчёт!$H$430))*100,0)&" %"))
A54: =IF(OR(Расчёт!$D$431=0,Расчёт!$H$431=0),"","Просело: "&INDEX('Старт'!$E$12:$E$18,MAX(1,Расчёт!$D$431))&" — "&IF(INDEX('Старт'!$B$20:$B$26,MAX(1,Расчёт!$D$431))="","подтяни на этой неделе",INDEX('Старт'!$B$20:$B$26,MAX(1,Расчёт!$D$431))))
A55: =IF(Расчёт!$C$387=0,"Первая галочка — и месяц пошёл","Полных дней: "&Расчёт!$G$387&" · опыт за месяц: "&Расчёт!$I$387)
A56: =IF(Расчёт!$D$431=0,"Испытание появится в воскресенье","Испытание: "&INDEX('Старт'!$E$12:$E$18,MAX(1,Расчёт!$D$431))&" "&Расчёт!$E$431&" из 5"&IF(Расчёт!$F$431=1," ✓",""))
A57: ="Что мешало — и когда и где сделаю иначе?"
A58: Нед 1
A59: Нед 2
A60: Нед 3
A61: Нед 4
A62: Нед 5
A63: =SPARKLINE(Расчёт!$W$254:$W$283,{"charttype","column";"color","#22A35E";"empty","zero"})

Sheet Окт
A1: ="ОКТ 2026" | F1: =IF(Расчёт!$C$388=0,"Не идеально, а регулярно",ROUND(Расчёт!$F$388*100,0)&" % · "&Расчёт!$B$6&" "&Расчёт!$B$5)
A2: =IF(OR(Расчёт!$B$2=0,Расчёт!$B$4=0),"Не идеально, а регулярно",IF(INDEX(Расчёт!$AA:$AA,Расчёт!$B$2)>0,"Награда «Возвращение» · +15 опыта",IF(MAX(IF(AND('Старт'!$B$12<>"",IF('Старт'!$F$12="",7,'Старт'!$F$12)=7,INDEX(Расчёт!$I:$I,Расчёт!$B$2)=0,INDEX(Расчёт!$P:$P,Расчёт!$B$2)>1,N($J$39)>=3),1,0),IF(AND('Старт'!$B$13<>"",IF('Старт'!$F$13="",7,'Старт'!$F$13)=7,INDEX(Расчёт!$J:$J,Расчёт!$B$2)=0,INDEX(Расчёт!$Q:$Q,Расчёт!$B$2)>1,N($J$40)>=3),2,0),IF(AND('Старт'!$B$14<>"",IF('Старт'!$F$14="",7,'Старт'!$F$14)=7,INDEX(Расчёт!$K:$K,Расчёт!$B$2)=0,INDEX(Расчёт!$R:$R,Расчёт!$B$2)>1,N($J$41)>=3),3,0),IF(AND('Старт'!$B$15<>"",IF('Старт'!$F$15="",7,'Старт'!$F$15)=7,INDEX(Расчёт!$L:$L,Расчёт!$B$2)=0,INDEX(Расчёт!$S:$S,Расчёт!$B$2)>1,N($J$42)>=3),4,0),IF(AND('Старт'!$B$16<>"",IF('Старт'!$F$16="",7,'Старт'!$F$16)=7,INDEX(Расчёт!$M:$M,Расчёт!$B$2)=0,INDEX(Расчёт!$T:$T,Расчёт!$B$2)>1,N($J$43)>=3),5,0),IF(AND('Старт'!$B$17<>"",IF('Старт'!$F$17="",7,'Старт'!$F$17)=7,INDEX(Расчёт!$N:$N,Расчёт!$B$2)=0,INDEX(Расчёт!$U:$U,Расчёт!$B$2)>1,N($J$44)>=3),6,0),IF(AND('Старт'!$B$18<>"",IF('Старт'!$F$18="",7,'Старт'!$F$18)=7,INDEX(Расчёт!$O:$O,Расчёт!$B$2)=0,INDEX(Расчёт!$V:$V,Расчёт!$B$2)>1,N($J$45)>=3),7,0))>0,"Верни «"&INDEX('Старт'!$E$12:$E$18,MAX(1,MAX(IF(AND('Старт'!$B$12<>"",IF('Старт'!$F$12="",7,'Старт'!$F$12)=7,INDEX(Расчёт!$I:$I,Расчёт!$B$2)=0,INDEX(Расчёт!$P:$P,Расчёт!$B$2)>1,N($J$39)>=3),1,0),IF(AND('Старт'!$B$13<>"",IF('Старт'!$F$13="",7,'Старт'!$F$13)=7,INDEX(Расчёт!$J:$J,Расчёт!$B$2)=0,INDEX(Расчёт!$Q:$Q,Расчёт!$B$2)>1,N($J$40)>=3),2,0),IF(AND('Старт'!$B$14<>"",IF('Старт'!$F$14="",7,'Старт'!$F$14)=7,INDEX(Расчёт!$K:$K,Расчёт!$B$2)=0,INDEX(Расчёт!$R:$R,Расчёт!$B$2)>1,N($J$41)>=3),3,0),IF(AND('Старт'!$B$15<>"",IF('Старт'!$F$15="",7,'Старт'!$F$15)=7,INDEX(Расчёт!$L:$L,Расчёт!$B$2)=0,INDEX(Расчёт!$S:$S,Расчёт!$B$2)>1,N($J$42)>=3),4,0),IF(AND('Старт'!$B$16<>"",IF('Старт'!$F$16="",7,'Старт'!$F$16)=7,INDEX(Расчёт!$M:$M,Расчёт!$B$2)=0,INDEX(Расчёт!$T:$T,Расчёт!$B$2)>1,N($J$43)>=3),5,0),IF(AND('Старт'!$B$17<>"",IF('Старт'!$F$17="",7,'Старт'!$F$17)=7,INDEX(Расчёт!$N:$N,Расчёт!$B$2)=0,INDEX(Расчёт!$U:$U,Расчёт!$B$2)>1,N($J$44)>=3),6,0),IF(AND('Старт'!$B$18<>"",IF('Старт'!$F$18="",7,'Старт'!$F$18)=7,INDEX(Расчёт!$O:$O,Расчёт!$B$2)=0,INDEX(Расчёт!$V:$V,Расчёт!$B$2)>1,N($J$45)>=3),7,0))))&"» сегодня"&IF(INDEX('Старт'!$B$20:$B$26,MAX(1,MAX(IF(AND('Старт'!$B$12<>"",IF('Старт'!$F$12="",7,'Старт'!$F$12)=7,INDEX(Расчёт!$I:$I,Расчёт!$B$2)=0,INDEX(Расчёт!$P:$P,Расчёт!$B$2)>1,N($J$39)>=3),1,0),IF(AND('Старт'!$B$13<>"",IF('Старт'!$F$13="",7,'Старт'!$F$13)=7,INDEX(Расчёт!$J:$J,Расчёт!$B$2)=0,INDEX(Расчёт!$Q:$Q,Расчёт!$B$2)>1,N($J$40)>=3),2,0),IF(AND('Старт'!$B$14<>"",IF('Старт'!$F$14="",7,'Старт'!$F$14)=7,INDEX(Расчёт!$K:$K,Расчёт!$B$2)=0,INDEX(Расчёт!$R:$R,Расчёт!$B$2)>1,N($J$41)>=3),3,0),IF(AND('Старт'!$B$15<>"",IF('Старт'!$F$15="",7,'Старт'!$F$15)=7,INDEX(Расчёт!$L:$L,Расчёт!$B$2)=0,INDEX(Расчёт!$S:$S,Расчёт!$B$2)>1,N($J$42)>=3),4,0),IF(AND('Старт'!$B$16<>"",IF('Старт'!$F$16="",7,'Старт'!$F$16)=7,INDEX(Расчёт!$M:$M,Расчёт!$B$2)=0,INDEX(Расчёт!$T:$T,Расчёт!$B$2)>1,N($J$43)>=3),5,0),IF(AND('Старт'!$B$17<>"",IF('Старт'!$F$17="",7,'Старт'!$F$17)=7,INDEX(Расчёт!$N:$N,Расчёт!$B$2)=0,INDEX(Расчёт!$U:$U,Расчёт!$B$2)>1,N($J$44)>=3),6,0),IF(AND('Старт'!$B$18<>"",IF('Старт'!$F$18="",7,'Старт'!$F$18)=7,INDEX(Расчёт!$O:$O,Расчёт!$B$2)=0,INDEX(Расчёт!$V:$V,Расчёт!$B$2)>1,N($J$45)>=3),7,0))))="",""," — "&INDEX('Старт'!$B$20:$B$26,MAX(1,MAX(IF(AND('Старт'!$B$12<>"",IF('Старт'!$F$12="",7,'Старт'!$F$12)=7,INDEX(Расчёт!$I:$I,Расчёт!$B$2)=0,INDEX(Расчёт!$P:$P,Расчёт!$B$2)>1,N($J$39)>=3),1,0),IF(AND('Старт'!$B$13<>"",IF('Старт'!$F$13="",7,'Старт'!$F$13)=7,INDEX(Расчёт!$J:$J,Расчёт!$B$2)=0,INDEX(Расчёт!$Q:$Q,Расчёт!$B$2)>1,N($J$40)>=3),2,0),IF(AND('Старт'!$B$14<>"",IF('Старт'!$F$14="",7,'Старт'!$F$14)=7,INDEX(Расчёт!$K:$K,Расчёт!$B$2)=0,INDEX(Расчёт!$R:$R,Расчёт!$B$2)>1,N($J$41)>=3),3,0),IF(AND('Старт'!$B$15<>"",IF('Старт'!$F$15="",7,'Старт'!$F$15)=7,INDEX(Расчёт!$L:$L,Расчёт!$B$2)=0,INDEX(Расчёт!$S:$S,Расчёт!$B$2)>1,N($J$42)>=3),4,0),IF(AND('Старт'!$B$16<>"",IF('Старт'!$F$16="",7,'Старт'!$F$16)=7,INDEX(Расчёт!$M:$M,Расчёт!$B$2)=0,INDEX(Расчёт!$T:$T,Расчёт!$B$2)>1,N($J$43)>=3),5,0),IF(AND('Старт'!$B$17<>"",IF('Старт'!$F$17="",7,'Старт'!$F$17)=7,INDEX(Расчёт!$N:$N,Расчёт!$B$2)=0,INDEX(Расчёт!$U:$U,Расчёт!$B$2)>1,N($J$44)>=3),6,0),IF(AND('Старт'!$B$18<>"",IF('Старт'!$F$18="",7,'Старт'!$F$18)=7,INDEX(Расчёт!$O:$O,Расчёт!$B$2)=0,INDEX(Расчёт!$V:$V,Расчёт!$B$2)>1,N($J$45)>=3),7,0))))),IF(Расчёт!$F$436=1,"Испытание закрыто · +100 опыта","Уровень "&Расчёт!$B$5&" · "&Расчёт!$B$6))))
B3: =IF('Старт'!$B$12="","",'Старт'!$A$12) | C3: =IF('Старт'!$B$13="","",'Старт'!$A$13) | D3: =IF('Старт'!$B$14="","",'Старт'!$A$14) | E3: =IF('Старт'!$B$15="","",'Старт'!$A$15) | F3: =IF('Старт'!$B$16="","",'Старт'!$A$16) | G3: =IF('Старт'!$B$17="","",'Старт'!$A$17) | H3: =IF('Старт'!$B$18="","",'Старт'!$A$18)
B4: =IF('Старт'!$B$12="","",'Старт'!$E$12) | C4: =IF('Старт'!$B$13="","",'Старт'!$E$13) | D4: =IF('Старт'!$B$14="","",'Старт'!$E$14) | E4: =IF('Старт'!$B$15="","",'Старт'!$E$15) | F4: =IF('Старт'!$B$16="","",'Старт'!$E$16) | G4: =IF('Старт'!$B$17="","",'Старт'!$E$17) | H4: =IF('Старт'!$B$18="","",'Старт'!$E$18)
B5: =IF('Старт'!$B$12="","",IF(Расчёт!$B$2=0,"",IF(IF('Старт'!$F$12="",7,'Старт'!$F$12)<7,"ок",IF(INDEX(Расчёт!$I:$I,Расчёт!$B$2)=0,IF(AND(INDEX(Расчёт!$P:$P,Расчёт!$B$2)>1,$J$39>=3),"верни",""),IF(INDEX(Расчёт!$I:$I,Расчёт!$B$2)>=3,"🔥","")&INDEX(Расчёт!$I:$I,Расчёт!$B$2)&IF(INDEX(Расчёт!$P:$P,Расчёт!$B$2)<=1,"🛡",""))))) | C5: =IF('Старт'!$B$13="","",IF(Расчёт!$B$2=0,"",IF(IF('Старт'!$F$13="",7,'Старт'!$F$13)<7,"ок",IF(INDEX(Расчёт!$J:$J,Расчёт!$B$2)=0,IF(AND(INDEX(Расчёт!$Q:$Q,Расчёт!$B$2)>1,$J$40>=3),"верни",""),IF(INDEX(Расчёт!$J:$J,Расчёт!$B$2)>=3,"🔥","")&INDEX(Расчёт!$J:$J,Расчёт!$B$2)&IF(INDEX(Расчёт!$Q:$Q,Расчёт!$B$2)<=1,"🛡",""))))) | D5: =IF('Старт'!$B$14="","",IF(Расчёт!$B$2=0,"",IF(IF('Старт'!$F$14="",7,'Старт'!$F$14)<7,"ок",IF(INDEX(Расчёт!$K:$K,Расчёт!$B$2)=0,IF(AND(INDEX(Расчёт!$R:$R,Расчёт!$B$2)>1,$J$41>=3),"верни",""),IF(INDEX(Расчёт!$K:$K,Расчёт!$B$2)>=3,"🔥","")&INDEX(Расчёт!$K:$K,Расчёт!$B$2)&IF(INDEX(Расчёт!$R:$R,Расчёт!$B$2)<=1,"🛡",""))))) | E5: =IF('Старт'!$B$15="","",IF(Расчёт!$B$2=0,"",IF(IF('Старт'!$F$15="",7,'Старт'!$F$15)<7,"ок",IF(INDEX(Расчёт!$L:$L,Расчёт!$B$2)=0,IF(AND(INDEX(Расчёт!$S:$S,Расчёт!$B$2)>1,$J$42>=3),"верни",""),IF(INDEX(Расчёт!$L:$L,Расчёт!$B$2)>=3,"🔥","")&INDEX(Расчёт!$L:$L,Расчёт!$B$2)&IF(INDEX(Расчёт!$S:$S,Расчёт!$B$2)<=1,"🛡",""))))) | F5: =IF('Старт'!$B$16="","",IF(Расчёт!$B$2=0,"",IF(IF('Старт'!$F$16="",7,'Старт'!$F$16)<7,"ок",IF(INDEX(Расчёт!$M:$M,Расчёт!$B$2)=0,IF(AND(INDEX(Расчёт!$T:$T,Расчёт!$B$2)>1,$J$43>=3),"верни",""),IF(INDEX(Расчёт!$M:$M,Расчёт!$B$2)>=3,"🔥","")&INDEX(Расчёт!$M:$M,Расчёт!$B$2)&IF(INDEX(Расчёт!$T:$T,Расчёт!$B$2)<=1,"🛡",""))))) | G5: =IF('Старт'!$B$17="","",IF(Расчёт!$B$2=0,"",IF(IF('Старт'!$F$17="",7,'Старт'!$F$17)<7,"ок",IF(INDEX(Расчёт!$N:$N,Расчёт!$B$2)=0,IF(AND(INDEX(Расчёт!$U:$U,Расчёт!$B$2)>1,$J$44>=3),"верни",""),IF(INDEX(Расчёт!$N:$N,Расчёт!$B$2)>=3,"🔥","")&INDEX(Расчёт!$N:$N,Расчёт!$B$2)&IF(INDEX(Расчёт!$U:$U,Расчёт!$B$2)<=1,"🛡",""))))) | H5: =IF('Старт'!$B$18="","",IF(Расчёт!$B$2=0,"",IF(IF('Старт'!$F$18="",7,'Старт'!$F$18)<7,"ок",IF(INDEX(Расчёт!$O:$O,Расчёт!$B$2)=0,IF(AND(INDEX(Расчёт!$V:$V,Расчёт!$B$2)>1,$J$45>=3),"верни",""),IF(INDEX(Расчёт!$O:$O,Расчёт!$B$2)>=3,"🔥","")&INDEX(Расчёт!$O:$O,Расчёт!$B$2)&IF(INDEX(Расчёт!$V:$V,Расчёт!$B$2)<=1,"🛡",""))))) | I5: =Расчёт!$B$3 | J5: =IF(AND(YEAR(Расчёт!$B$1)=2026,MONTH(Расчёт!$B$1)=10),5+DAY(Расчёт!$B$1),0) | K5: =IF(WEEKDAY(Расчёт!$B$1,2)>=6,1,0) | L5: =Расчёт!$B$2
A6: =IF(Расчёт!$A$284=0,"Чт 1","Чт 1"&CHAR(10)&Расчёт!$W$284&"/"&$I$5) | B6: FALSE | C6: FALSE | D6: FALSE | E6: FALSE | F6: FALSE | G6: FALSE | H6: FALSE
A7: =IF(Расчёт!$A$285=0,"Пт 2","Пт 2"&CHAR(10)&Расчёт!$W$285&"/"&$I$5) | B7: FALSE | C7: FALSE | D7: FALSE | E7: FALSE | F7: FALSE | G7: FALSE | H7: FALSE
A8: =IF(Расчёт!$A$286=0,"Сб 3","Сб 3"&CHAR(10)&Расчёт!$W$286&"/"&$I$5) | B8: FALSE | C8: FALSE | D8: FALSE | E8: FALSE | F8: FALSE | G8: FALSE | H8: FALSE
A9: =IF(Расчёт!$A$287=0,"Вс 4","Вс 4"&CHAR(10)&Расчёт!$W$287&"/"&$I$5) | B9: FALSE | C9: FALSE | D9: FALSE | E9: FALSE | F9: FALSE | G9: FALSE | H9: FALSE
A10: =IF(Расчёт!$A$288=0,"Пн 5","Пн 5"&CHAR(10)&Расчёт!$W$288&"/"&$I$5) | B10: FALSE | C10: FALSE | D10: FALSE | E10: FALSE | F10: FALSE | G10: FALSE | H10: FALSE
A11: =IF(Расчёт!$A$289=0,"Вт 6","Вт 6"&CHAR(10)&Расчёт!$W$289&"/"&$I$5) | B11: FALSE | C11: FALSE | D11: FALSE | E11: FALSE | F11: FALSE | G11: FALSE | H11: FALSE
A12: =IF(Расчёт!$A$290=0,"Ср 7","Ср 7"&CHAR(10)&Расчёт!$W$290&"/"&$I$5) | B12: FALSE | C12: FALSE | D12: FALSE | E12: FALSE | F12: FALSE | G12: FALSE | H12: FALSE
A13: =IF(Расчёт!$A$291=0,"Чт 8","Чт 8"&CHAR(10)&Расчёт!$W$291&"/"&$I$5) | B13: FALSE | C13: FALSE | D13: FALSE | E13: FALSE | F13: FALSE | G13: FALSE | H13: FALSE
A14: =IF(Расчёт!$A$292=0,"Пт 9","Пт 9"&CHAR(10)&Расчёт!$W$292&"/"&$I$5) | B14: FALSE | C14: FALSE | D14: FALSE | E14: FALSE | F14: FALSE | G14: FALSE | H14: FALSE
A15: =IF(Расчёт!$A$293=0,"Сб 10","Сб 10"&CHAR(10)&Расчёт!$W$293&"/"&$I$5) | B15: FALSE | C15: FALSE | D15: FALSE | E15: FALSE | F15: FALSE | G15: FALSE | H15: FALSE
A16: =IF(Расчёт!$A$294=0,"Вс 11","Вс 11"&CHAR(10)&Расчёт!$W$294&"/"&$I$5) | B16: FALSE | C16: FALSE | D16: FALSE | E16: FALSE | F16: FALSE | G16: FALSE | H16: FALSE
A17: =IF(Расчёт!$A$295=0,"Пн 12","Пн 12"&CHAR(10)&Расчёт!$W$295&"/"&$I$5) | B17: FALSE | C17: FALSE | D17: FALSE | E17: FALSE | F17: FALSE | G17: FALSE | H17: FALSE
A18: =IF(Расчёт!$A$296=0,"Вт 13","Вт 13"&CHAR(10)&Расчёт!$W$296&"/"&$I$5) | B18: FALSE | C18: FALSE | D18: FALSE | E18: FALSE | F18: FALSE | G18: FALSE | H18: FALSE
A19: =IF(Расчёт!$A$297=0,"Ср 14","Ср 14"&CHAR(10)&Расчёт!$W$297&"/"&$I$5) | B19: FALSE | C19: FALSE | D19: FALSE | E19: FALSE | F19: FALSE | G19: FALSE | H19: FALSE
A20: =IF(Расчёт!$A$298=0,"Чт 15","Чт 15"&CHAR(10)&Расчёт!$W$298&"/"&$I$5) | B20: FALSE | C20: FALSE | D20: FALSE | E20: FALSE | F20: FALSE | G20: FALSE | H20: FALSE
A21: =IF(Расчёт!$A$299=0,"Пт 16","Пт 16"&CHAR(10)&Расчёт!$W$299&"/"&$I$5) | B21: FALSE | C21: FALSE | D21: FALSE | E21: FALSE | F21: FALSE | G21: FALSE | H21: FALSE
A22: =IF(Расчёт!$A$300=0,"Сб 17","Сб 17"&CHAR(10)&Расчёт!$W$300&"/"&$I$5) | B22: FALSE | C22: FALSE | D22: FALSE | E22: FALSE | F22: FALSE | G22: FALSE | H22: FALSE
A23: =IF(Расчёт!$A$301=0,"Вс 18","Вс 18"&CHAR(10)&Расчёт!$W$301&"/"&$I$5) | B23: FALSE | C23: FALSE | D23: FALSE | E23: FALSE | F23: FALSE | G23: FALSE | H23: FALSE
A24: =IF(Расчёт!$A$302=0,"Пн 19","Пн 19"&CHAR(10)&Расчёт!$W$302&"/"&$I$5) | B24: FALSE | C24: FALSE | D24: FALSE | E24: FALSE | F24: FALSE | G24: FALSE | H24: FALSE
A25: =IF(Расчёт!$A$303=0,"Вт 20","Вт 20"&CHAR(10)&Расчёт!$W$303&"/"&$I$5) | B25: FALSE | C25: FALSE | D25: FALSE | E25: FALSE | F25: FALSE | G25: FALSE | H25: FALSE
A26: =IF(Расчёт!$A$304=0,"Ср 21","Ср 21"&CHAR(10)&Расчёт!$W$304&"/"&$I$5) | B26: FALSE | C26: FALSE | D26: FALSE | E26: FALSE | F26: FALSE | G26: FALSE | H26: FALSE
A27: =IF(Расчёт!$A$305=0,"Чт 22","Чт 22"&CHAR(10)&Расчёт!$W$305&"/"&$I$5) | B27: FALSE | C27: FALSE | D27: FALSE | E27: FALSE | F27: FALSE | G27: FALSE | H27: FALSE
A28: =IF(Расчёт!$A$306=0,"Пт 23","Пт 23"&CHAR(10)&Расчёт!$W$306&"/"&$I$5) | B28: FALSE | C28: FALSE | D28: FALSE | E28: FALSE | F28: FALSE | G28: FALSE | H28: FALSE
A29: =IF(Расчёт!$A$307=0,"Сб 24","Сб 24"&CHAR(10)&Расчёт!$W$307&"/"&$I$5) | B29: FALSE | C29: FALSE | D29: FALSE | E29: FALSE | F29: FALSE | G29: FALSE | H29: FALSE
A30: =IF(Расчёт!$A$308=0,"Вс 25","Вс 25"&CHAR(10)&Расчёт!$W$308&"/"&$I$5) | B30: FALSE | C30: FALSE | D30: FALSE | E30: FALSE | F30: FALSE | G30: FALSE | H30: FALSE
A31: =IF(Расчёт!$A$309=0,"Пн 26","Пн 26"&CHAR(10)&Расчёт!$W$309&"/"&$I$5) | B31: FALSE | C31: FALSE | D31: FALSE | E31: FALSE | F31: FALSE | G31: FALSE | H31: FALSE
A32: =IF(Расчёт!$A$310=0,"Вт 27","Вт 27"&CHAR(10)&Расчёт!$W$310&"/"&$I$5) | B32: FALSE | C32: FALSE | D32: FALSE | E32: FALSE | F32: FALSE | G32: FALSE | H32: FALSE
A33: =IF(Расчёт!$A$311=0,"Ср 28","Ср 28"&CHAR(10)&Расчёт!$W$311&"/"&$I$5) | B33: FALSE | C33: FALSE | D33: FALSE | E33: FALSE | F33: FALSE | G33: FALSE | H33: FALSE
A34: =IF(Расчёт!$A$312=0,"Чт 29","Чт 29"&CHAR(10)&Расчёт!$W$312&"/"&$I$5) | B34: FALSE | C34: FALSE | D34: FALSE | E34: FALSE | F34: FALSE | G34: FALSE | H34: FALSE
A35: =IF(Расчёт!$A$313=0,"Пт 30","Пт 30"&CHAR(10)&Расчёт!$W$313&"/"&$I$5) | B35: FALSE | C35: FALSE | D35: FALSE | E35: FALSE | F35: FALSE | G35: FALSE | H35: FALSE
A36: =IF(Расчёт!$A$314=0,"Сб 31","Сб 31"&CHAR(10)&Расчёт!$W$314&"/"&$I$5) | B36: FALSE | C36: FALSE | D36: FALSE | E36: FALSE | F36: FALSE | G36: FALSE | H36: FALSE
A38: МОИ ПРИВЫЧКИ
A39: =IF('Старт'!$B$12="","",'Старт'!$A$12&" "&'Старт'!$B$12) | G39: =IF('Старт'!$B$12="","",SUM(Расчёт!$B$284:$B$314)&" из "&ROUND(IF('Старт'!$F$12="",7,'Старт'!$F$12)*31/7,0)) | I39: =IF('Старт'!$B$12="","",IF(Расчёт!$B$2=0,"",IF(IF('Старт'!$F$12="",7,'Старт'!$F$12)<7,"ок",IF(INDEX(Расчёт!$I:$I,Расчёт!$B$2)=0,IF(AND(INDEX(Расчёт!$P:$P,Расчёт!$B$2)>1,$J$39>=3),"верни",""),IF(INDEX(Расчёт!$I:$I,Расчёт!$B$2)>=3,"🔥","")&INDEX(Расчёт!$I:$I,Расчёт!$B$2)&IF(INDEX(Расчёт!$P:$P,Расчёт!$B$2)<=1,"🛡",""))))) | J39: =IF('Старт'!$B$12="","",MAX(Расчёт!$I$284:$I$314)) | K39: =IF(OR('Старт'!$B$12="",Расчёт!$C$388=0),"",MIN(1,SUM(Расчёт!$B$284:$B$314)/MAX(1,ROUND(IF('Старт'!$F$12="",7,'Старт'!$F$12)*31/7,0)*Расчёт!$C$388/31))) | L39: =IF($K$39="","",SPARKLINE($K$39,{"charttype","bar";"max",1;"color1","#22A35E";"color2","#262B38"}))
A40: =IF('Старт'!$B$13="","",'Старт'!$A$13&" "&'Старт'!$B$13) | G40: =IF('Старт'!$B$13="","",SUM(Расчёт!$C$284:$C$314)&" из "&ROUND(IF('Старт'!$F$13="",7,'Старт'!$F$13)*31/7,0)) | I40: =IF('Старт'!$B$13="","",IF(Расчёт!$B$2=0,"",IF(IF('Старт'!$F$13="",7,'Старт'!$F$13)<7,"ок",IF(INDEX(Расчёт!$J:$J,Расчёт!$B$2)=0,IF(AND(INDEX(Расчёт!$Q:$Q,Расчёт!$B$2)>1,$J$40>=3),"верни",""),IF(INDEX(Расчёт!$J:$J,Расчёт!$B$2)>=3,"🔥","")&INDEX(Расчёт!$J:$J,Расчёт!$B$2)&IF(INDEX(Расчёт!$Q:$Q,Расчёт!$B$2)<=1,"🛡",""))))) | J40: =IF('Старт'!$B$13="","",MAX(Расчёт!$J$284:$J$314)) | K40: =IF(OR('Старт'!$B$13="",Расчёт!$C$388=0),"",MIN(1,SUM(Расчёт!$C$284:$C$314)/MAX(1,ROUND(IF('Старт'!$F$13="",7,'Старт'!$F$13)*31/7,0)*Расчёт!$C$388/31))) | L40: =IF($K$40="","",SPARKLINE($K$40,{"charttype","bar";"max",1;"color1","#22A35E";"color2","#262B38"}))
A41: =IF('Старт'!$B$14="","",'Старт'!$A$14&" "&'Старт'!$B$14) | G41: =IF('Старт'!$B$14="","",SUM(Расчёт!$D$284:$D$314)&" из "&ROUND(IF('Старт'!$F$14="",7,'Старт'!$F$14)*31/7,0)) | I41: =IF('Старт'!$B$14="","",IF(Расчёт!$B$2=0,"",IF(IF('Старт'!$F$14="",7,'Старт'!$F$14)<7,"ок",IF(INDEX(Расчёт!$K:$K,Расчёт!$B$2)=0,IF(AND(INDEX(Расчёт!$R:$R,Расчёт!$B$2)>1,$J$41>=3),"верни",""),IF(INDEX(Расчёт!$K:$K,Расчёт!$B$2)>=3,"🔥","")&INDEX(Расчёт!$K:$K,Расчёт!$B$2)&IF(INDEX(Расчёт!$R:$R,Расчёт!$B$2)<=1,"🛡",""))))) | J41: =IF('Старт'!$B$14="","",MAX(Расчёт!$K$284:$K$314)) | K41: =IF(OR('Старт'!$B$14="",Расчёт!$C$388=0),"",MIN(1,SUM(Расчёт!$D$284:$D$314)/MAX(1,ROUND(IF('Старт'!$F$14="",7,'Старт'!$F$14)*31/7,0)*Расчёт!$C$388/31))) | L41: =IF($K$41="","",SPARKLINE($K$41,{"charttype","bar";"max",1;"color1","#22A35E";"color2","#262B38"}))
A42: =IF('Старт'!$B$15="","",'Старт'!$A$15&" "&'Старт'!$B$15) | G42: =IF('Старт'!$B$15="","",SUM(Расчёт!$E$284:$E$314)&" из "&ROUND(IF('Старт'!$F$15="",7,'Старт'!$F$15)*31/7,0)) | I42: =IF('Старт'!$B$15="","",IF(Расчёт!$B$2=0,"",IF(IF('Старт'!$F$15="",7,'Старт'!$F$15)<7,"ок",IF(INDEX(Расчёт!$L:$L,Расчёт!$B$2)=0,IF(AND(INDEX(Расчёт!$S:$S,Расчёт!$B$2)>1,$J$42>=3),"верни",""),IF(INDEX(Расчёт!$L:$L,Расчёт!$B$2)>=3,"🔥","")&INDEX(Расчёт!$L:$L,Расчёт!$B$2)&IF(INDEX(Расчёт!$S:$S,Расчёт!$B$2)<=1,"🛡",""))))) | J42: =IF('Старт'!$B$15="","",MAX(Расчёт!$L$284:$L$314)) | K42: =IF(OR('Старт'!$B$15="",Расчёт!$C$388=0),"",MIN(1,SUM(Расчёт!$E$284:$E$314)/MAX(1,ROUND(IF('Старт'!$F$15="",7,'Старт'!$F$15)*31/7,0)*Расчёт!$C$388/31))) | L42: =IF($K$42="","",SPARKLINE($K$42,{"charttype","bar";"max",1;"color1","#22A35E";"color2","#262B38"}))
A43: =IF('Старт'!$B$16="","",'Старт'!$A$16&" "&'Старт'!$B$16) | G43: =IF('Старт'!$B$16="","",SUM(Расчёт!$F$284:$F$314)&" из "&ROUND(IF('Старт'!$F$16="",7,'Старт'!$F$16)*31/7,0)) | I43: =IF('Старт'!$B$16="","",IF(Расчёт!$B$2=0,"",IF(IF('Старт'!$F$16="",7,'Старт'!$F$16)<7,"ок",IF(INDEX(Расчёт!$M:$M,Расчёт!$B$2)=0,IF(AND(INDEX(Расчёт!$T:$T,Расчёт!$B$2)>1,$J$43>=3),"верни",""),IF(INDEX(Расчёт!$M:$M,Расчёт!$B$2)>=3,"🔥","")&INDEX(Расчёт!$M:$M,Расчёт!$B$2)&IF(INDEX(Расчёт!$T:$T,Расчёт!$B$2)<=1,"🛡",""))))) | J43: =IF('Старт'!$B$16="","",MAX(Расчёт!$M$284:$M$314)) | K43: =IF(OR('Старт'!$B$16="",Расчёт!$C$388=0),"",MIN(1,SUM(Расчёт!$F$284:$F$314)/MAX(1,ROUND(IF('Старт'!$F$16="",7,'Старт'!$F$16)*31/7,0)*Расчёт!$C$388/31))) | L43: =IF($K$43="","",SPARKLINE($K$43,{"charttype","bar";"max",1;"color1","#22A35E";"color2","#262B38"}))
A44: =IF('Старт'!$B$17="","",'Старт'!$A$17&" "&'Старт'!$B$17) | G44: =IF('Старт'!$B$17="","",SUM(Расчёт!$G$284:$G$314)&" из "&ROUND(IF('Старт'!$F$17="",7,'Старт'!$F$17)*31/7,0)) | I44: =IF('Старт'!$B$17="","",IF(Расчёт!$B$2=0,"",IF(IF('Старт'!$F$17="",7,'Старт'!$F$17)<7,"ок",IF(INDEX(Расчёт!$N:$N,Расчёт!$B$2)=0,IF(AND(INDEX(Расчёт!$U:$U,Расчёт!$B$2)>1,$J$44>=3),"верни",""),IF(INDEX(Расчёт!$N:$N,Расчёт!$B$2)>=3,"🔥","")&INDEX(Расчёт!$N:$N,Расчёт!$B$2)&IF(INDEX(Расчёт!$U:$U,Расчёт!$B$2)<=1,"🛡",""))))) | J44: =IF('Старт'!$B$17="","",MAX(Расчёт!$N$284:$N$314)) | K44: =IF(OR('Старт'!$B$17="",Расчёт!$C$388=0),"",MIN(1,SUM(Расчёт!$G$284:$G$314)/MAX(1,ROUND(IF('Старт'!$F$17="",7,'Старт'!$F$17)*31/7,0)*Расчёт!$C$388/31))) | L44: =IF($K$44="","",SPARKLINE($K$44,{"charttype","bar";"max",1;"color1","#22A35E";"color2","#262B38"}))
A45: =IF('Старт'!$B$18="","",'Старт'!$A$18&" "&'Старт'!$B$18) | G45: =IF('Старт'!$B$18="","",SUM(Расчёт!$H$284:$H$314)&" из "&ROUND(IF('Старт'!$F$18="",7,'Старт'!$F$18)*31/7,0)) | I45: =IF('Старт'!$B$18="","",IF(Расчёт!$B$2=0,"",IF(IF('Старт'!$F$18="",7,'Старт'!$F$18)<7,"ок",IF(INDEX(Расчёт!$O:$O,Расчёт!$B$2)=0,IF(AND(INDEX(Расчёт!$V:$V,Расчёт!$B$2)>1,$J$45>=3),"верни",""),IF(INDEX(Расчёт!$O:$O,Расчёт!$B$2)>=3,"🔥","")&INDEX(Расчёт!$O:$O,Расчёт!$B$2)&IF(INDEX(Расчёт!$V:$V,Расчёт!$B$2)<=1,"🛡",""))))) | J45: =IF('Старт'!$B$18="","",MAX(Расчёт!$O$284:$O$314)) | K45: =IF(OR('Старт'!$B$18="",Расчёт!$C$388=0),"",MIN(1,SUM(Расчёт!$H$284:$H$314)/MAX(1,ROUND(IF('Старт'!$F$18="",7,'Старт'!$F$18)*31/7,0)*Расчёт!$C$388/31))) | L45: =IF($K$45="","",SPARKLINE($K$45,{"charttype","bar";"max",1;"color1","#22A35E";"color2","#262B38"}))
A47: ЦЕЛИ МЕСЯЦА
A48: FALSE
A49: FALSE
A50: FALSE
A52: НЕДЕЛЯ
A53: =IF(Расчёт!$H$436=0,"Первая неделя закроется в воскресенье","Неделя · "&Расчёт!$G$436&" из "&Расчёт!$H$436&IF(Расчёт!$I$436=0,""," · прошлая "&ROUND(MIN(1,Расчёт!$I$436/MAX(1,Расчёт!$H$435))*100,0)&" %"))
A54: =IF(OR(Расчёт!$D$436=0,Расчёт!$H$436=0),"","Просело: "&INDEX('Старт'!$E$12:$E$18,MAX(1,Расчёт!$D$436))&" — "&IF(INDEX('Старт'!$B$20:$B$26,MAX(1,Расчёт!$D$436))="","подтяни на этой неделе",INDEX('Старт'!$B$20:$B$26,MAX(1,Расчёт!$D$436))))
A55: =IF(Расчёт!$C$388=0,"Первая галочка — и месяц пошёл","Полных дней: "&Расчёт!$G$388&" · опыт за месяц: "&Расчёт!$I$388)
A56: =IF(Расчёт!$D$436=0,"Испытание появится в воскресенье","Испытание: "&INDEX('Старт'!$E$12:$E$18,MAX(1,Расчёт!$D$436))&" "&Расчёт!$E$436&" из 5"&IF(Расчёт!$F$436=1," ✓",""))
A57: ="Что мешало — и когда и где сделаю иначе?"
A58: Нед 1
A59: Нед 2
A60: Нед 3
A61: Нед 4
A62: Нед 5
A63: =SPARKLINE(Расчёт!$W$284:$W$314,{"charttype","column";"color","#22A35E";"empty","zero"})

Sheet Ноя
A1: ="НОЯ 2026" | F1: =IF(Расчёт!$C$389=0,"Не идеально, а регулярно",ROUND(Расчёт!$F$389*100,0)&" % · "&Расчёт!$B$6&" "&Расчёт!$B$5)
